{"variants":

{"facing=east,open=false":
{"y":90,"model":"block/gate/gate/acacia"},

"facing=east,open=true":
{"y":90,"model":"block/gate/gate_open_inverted/acacia"},


"facing=north,open=false":
{"model":"block/gate/gate/acacia"},

"facing=north,open=true":
{"model":"block/gate/gate_open_inverted/acacia"},

"facing=south,open=false":
{"model":"block/gate/gate/acacia"},

"facing=south,open=true":
{"model":"block/gate/gate_open/acacia"},

"facing=west,open=false":
{"y":90,"model":"block/gate/gate/acacia"},

"facing=west,open=true":
{"y":90,"model":"block/gate/gate_open/acacia"}}}