{
	"variants": {
	  
	  "powered=false,shape=ascending_east": {"model": "block/activator_rail_raised","y": 90},
	  "powered=false,shape=ascending_north": {"model": "block/activator_rail_raised"},
	  "powered=false,shape=ascending_south": {"model": "block/activator_rail_raised_inverted","y": 180},
	  "powered=false,shape=ascending_west": {"model": "block/activator_rail_raised_inverted","y": 270},
	  
	  "powered=false,shape=east_west": {"model": "block/activator_rail","y": 90},
	  
	  "powered=false,shape=north_south": {"model": "block/activator_rail"},
	  


	  "powered=true,shape=ascending_east": {"model": "block/activator_rail_raised_on","y": 90},
	  "powered=true,shape=ascending_north": {"model": "block/activator_rail_raised_on"},
	  "powered=true,shape=ascending_south": {"model": "block/activator_rail_raised_on_inverted","y": 180},
	  "powered=true,shape=ascending_west": {"model": "block/activator_rail_raised_on_inverted","y": 270},
	  
	  "powered=true,shape=east_west": {"model": "block/activator_rail_on","y": 90},
	  
	  "powered=true,shape=north_south": {"model": "block/activator_rail_on"}
	}
  }