{"variants":

{"facing=east,open=false":
{"y":90,"model":"block/gate/gate/birch"},

"facing=east,open=true":
{"y":90,"model":"block/gate/gate_open_inverted/birch"},


"facing=north,open=false":
{"model":"block/gate/gate/birch"},

"facing=north,open=true":
{"model":"block/gate/gate_open_inverted/birch"},

"facing=south,open=false":
{"model":"block/gate/gate/birch"},

"facing=south,open=true":
{"model":"block/gate/gate_open/birch"},

"facing=west,open=false":
{"y":90,"model":"block/gate/gate/birch"},

"facing=west,open=true":
{"y":90,"model":"block/gate/gate_open/birch"}}}