{
  "variants": {
    "":
    [{"model": "minecraft:block/blue_orchid"},
      {"model": "minecraft:block/blue_orchid", "y": 90},
      {"model": "minecraft:block/blue_orchid", "y": 180},
      {"model": "minecraft:block/blue_orchid", "y": 270},
    
      {"model": "minecraft:block/blue_orchid1"},
      {"model": "minecraft:block/blue_orchid1", "y": 90},
      {"model": "minecraft:block/blue_orchid1", "y": 180},
      {"model": "minecraft:block/blue_orchid1", "y": 270},
    
      {"model": "minecraft:block/blue_orchid2"},
      {"model": "minecraft:block/blue_orchid2", "y": 90},
      {"model": "minecraft:block/blue_orchid2", "y": 180},
      {"model": "minecraft:block/blue_orchid2", "y": 270}]
  }
}