{
    "variants": {
        "":
            [ { "model": "block/brown_mushroom", "weight": 100 },
            { "model": "block/brown_mushroom", "y": 90, "weight": 100 },
            { "model": "block/brown_mushroom", "y": 180, "weight": 100 },
            { "model": "block/brown_mushroom", "y": 270, "weight": 100 },
            { "model": "block/brown_mushroom2", "weight": 10 },
            { "model": "block/brown_mushroom2", "y": 90, "weight": 10 },
            { "model": "block/brown_mushroom2", "y": 180, "weight": 10 },
            { "model": "block/brown_mushroom2", "y": 270, "weight": 10 },
            { "model": "block/brown_mushroom3", "weight": 20 },
            { "model": "block/brown_mushroom3", "y": 90, "weight": 20 },
            { "model": "block/brown_mushroom3", "y": 180, "weight": 20 },
            { "model": "block/brown_mushroom3", "y": 270, "weight": 20 }
        ]
    }
}