{
    "variants": {
        "facing=north,lit=true":
		
		  [ { "model": "block/campfire/campfire/0", "y": 180 },
			{ "model": "block/campfire/campfire/1", "y": 180 },
			{ "model": "block/campfire/campfire/2", "y": 180 }],

			



        "facing=south,lit=true":
		
		  [ { "model": "block/campfire/campfire/0" },
			{ "model": "block/campfire/campfire/1" },
			{ "model": "block/campfire/campfire/2" }],



        "facing=east,lit=true":
		
		[   { "model": "block/campfire/campfire/0", "y": 270 },
			{ "model": "block/campfire/campfire/1", "y": 270 },
			{ "model": "block/campfire/campfire/2", "y": 270 }],



        "facing=west,lit=true":
		
		  [ { "model": "block/campfire/campfire/0", "y": 90 },
			{ "model": "block/campfire/campfire/1", "y": 90 },
			{ "model": "block/campfire/campfire/2", "y": 90 }],



        "facing=south,lit=false":
		
		  [ { "model": "block/campfire/campfire_off" }],



        "facing=east,lit=false":
		
		  [ { "model": "block/campfire/campfire_off", "y": 270 }],



        "facing=west,lit=false":
		
		  [ { "model": "block/campfire/campfire_off", "y": 90 } ]

			
    }
}
