{"variants":

{"facing=east,open=false":
{"y":90,"model":"block/gate/gate/cherry"},

"facing=east,open=true":
{"y":90,"model":"block/gate/gate_open_inverted/cherry"},


"facing=north,open=false":
{"model":"block/gate/gate/cherry"},

"facing=north,open=true":
{"model":"block/gate/gate_open_inverted/cherry"},

"facing=south,open=false":
{"model":"block/gate/gate/cherry"},

"facing=south,open=true":
{"model":"block/gate/gate_open/cherry"},

"facing=west,open=false":
{"y":90,"model":"block/gate/gate/cherry"},

"facing=west,open=true":
{"y":90,"model":"block/gate/gate_open/cherry"}}}