{
  "multipart": [
    {"apply": {"model": "minecraft:block/chiseled_bookshelf/base","y": 90},
      "when": {"facing": "east"}},

    {"apply": [{"model": "minecraft:block/chiseled_bookshelf/slot_3/1","y": 90},
    {"model": "minecraft:block/chiseled_bookshelf/slot_3/2","y": 90},
    {"model": "minecraft:block/chiseled_bookshelf/slot_3/3","y": 90},
    {"model": "minecraft:block/chiseled_bookshelf/slot_3/4","y": 90},
    {"model": "minecraft:block/chiseled_bookshelf/slot_3/5","y": 90},
    {"model": "minecraft:block/chiseled_bookshelf/slot_3/6","y": 90}],
      "when": {"AND": [{"facing": "east"},
          {"slot_2_occupied": "true"}]}},

    {"apply": {"model": "minecraft:block/air"},
      "when": {"AND": [{"facing": "east"},
          {"slot_2_occupied": "false"}]}},

    {"apply": [{"model": "minecraft:block/chiseled_bookshelf/slot_5/1","y": 90},
    {"model": "minecraft:block/chiseled_bookshelf/slot_5/2","y": 90},
    {"model": "minecraft:block/chiseled_bookshelf/slot_5/3","y": 90},
    {"model": "minecraft:block/chiseled_bookshelf/slot_5/4","y": 90},
    {"model": "minecraft:block/chiseled_bookshelf/slot_5/5","y": 90},
    {"model": "minecraft:block/chiseled_bookshelf/slot_5/6","y": 90}],
      "when": {"AND": [{"facing": "east"},
          {"slot_4_occupied": "true"}]}},

    {"apply": {"model": "minecraft:block/air"},
      "when": {"AND": [{"facing": "east"},
          {"slot_4_occupied": "false"}]}},

    {"apply": [{"model": "minecraft:block/chiseled_bookshelf/slot_1/1","y": 90},
    {"model": "minecraft:block/chiseled_bookshelf/slot_1/2","y": 90},
    {"model": "minecraft:block/chiseled_bookshelf/slot_1/3","y": 90},
    {"model": "minecraft:block/chiseled_bookshelf/slot_1/4","y": 90},
    {"model": "minecraft:block/chiseled_bookshelf/slot_1/5","y": 90},
    {"model": "minecraft:block/chiseled_bookshelf/slot_1/6","y": 90}],
      "when": {"AND": [{"facing": "east"},
          {"slot_0_occupied": "true"}]}},

    {"apply": {"model": "minecraft:block/air"},
      "when": {"AND": [{"facing": "east"},
          {"slot_0_occupied": "false"}]}},

    {"apply": [{"model": "minecraft:block/chiseled_bookshelf/slot_6/1","y": 90},
    {"model": "minecraft:block/chiseled_bookshelf/slot_6/2","y": 90},
    {"model": "minecraft:block/chiseled_bookshelf/slot_6/3","y": 90},
    {"model": "minecraft:block/chiseled_bookshelf/slot_6/4","y": 90},
    {"model": "minecraft:block/chiseled_bookshelf/slot_6/5","y": 90},
    {"model": "minecraft:block/chiseled_bookshelf/slot_6/6","y": 90}],
      "when": {"AND": [{"facing": "east"},
          {"slot_5_occupied": "true"}]}},

    {"apply": {"model": "minecraft:block/air"},
      "when": {"AND": [{"facing": "east"},
          {"slot_5_occupied": "false"}]}},

    {"apply": [{"model": "minecraft:block/chiseled_bookshelf/slot_4/1","y": 90},
    {"model": "minecraft:block/chiseled_bookshelf/slot_4/2","y": 90},
    {"model": "minecraft:block/chiseled_bookshelf/slot_4/3","y": 90},
    {"model": "minecraft:block/chiseled_bookshelf/slot_4/4","y": 90},
    {"model": "minecraft:block/chiseled_bookshelf/slot_4/5","y": 90},
    {"model": "minecraft:block/chiseled_bookshelf/slot_4/6","y": 90}],
      "when": {"AND": [{"facing": "east"},
          {"slot_3_occupied": "true"}]}},

    {"apply": {"model": "minecraft:block/air"},
      "when": {"AND": [{"facing": "east"},
          {"slot_3_occupied": "false"}]}},

    {"apply": [{"model": "minecraft:block/chiseled_bookshelf/slot_2/1","y": 90},
    {"model": "minecraft:block/chiseled_bookshelf/slot_2/2","y": 90},
    {"model": "minecraft:block/chiseled_bookshelf/slot_2/3","y": 90},
    {"model": "minecraft:block/chiseled_bookshelf/slot_2/4","y": 90},
    {"model": "minecraft:block/chiseled_bookshelf/slot_2/5","y": 90},
    {"model": "minecraft:block/chiseled_bookshelf/slot_2/6","y": 90}],
      "when": {"AND": [{"facing": "east"},
          {"slot_1_occupied": "true"}]}},

    {"apply": {"model": "minecraft:block/air"},
      "when": {"AND": [{"facing": "east"},
          {"slot_1_occupied": "false"}]}},

    {"apply": {"model": "minecraft:block/chiseled_bookshelf/base","y": 270},
      "when": {"facing": "west"}},

    {"apply": [{"model": "minecraft:block/chiseled_bookshelf/slot_3/1","y": 270},
    {"model": "minecraft:block/chiseled_bookshelf/slot_3/2","y": 270},
    {"model": "minecraft:block/chiseled_bookshelf/slot_3/3","y": 270},
    {"model": "minecraft:block/chiseled_bookshelf/slot_3/4","y": 270},
    {"model": "minecraft:block/chiseled_bookshelf/slot_3/5","y": 270},
    {"model": "minecraft:block/chiseled_bookshelf/slot_3/6","y": 270}],
      "when": {"AND": [{"facing": "west"},
          {"slot_2_occupied": "true"}]}},

    {"apply": {"model": "minecraft:block/air"},
      "when": {"AND": [{"facing": "west"},
          {"slot_2_occupied": "false"}]}},

    {"apply": [{"model": "minecraft:block/chiseled_bookshelf/slot_5/1","y": 270},
    {"model": "minecraft:block/chiseled_bookshelf/slot_5/2","y": 270},
    {"model": "minecraft:block/chiseled_bookshelf/slot_5/3","y": 270},
    {"model": "minecraft:block/chiseled_bookshelf/slot_5/4","y": 270},
    {"model": "minecraft:block/chiseled_bookshelf/slot_5/5","y": 270},
    {"model": "minecraft:block/chiseled_bookshelf/slot_5/6","y": 270}],
      "when": {"AND": [{"facing": "west"},
          {"slot_4_occupied": "true"}]}},

    {"apply": {"model": "minecraft:block/air"},
      "when": {"AND": [{"facing": "west"},
          {"slot_4_occupied": "false"}]}},

    {"apply": [{"model": "minecraft:block/chiseled_bookshelf/slot_1/1","y": 270},
    {"model": "minecraft:block/chiseled_bookshelf/slot_1/2","y": 270},
    {"model": "minecraft:block/chiseled_bookshelf/slot_1/3","y": 270},
    {"model": "minecraft:block/chiseled_bookshelf/slot_1/4","y": 270},
    {"model": "minecraft:block/chiseled_bookshelf/slot_1/5","y": 270},
    {"model": "minecraft:block/chiseled_bookshelf/slot_1/6","y": 270}],
      "when": {"AND": [{"facing": "west"},
          {"slot_0_occupied": "true"}]}},

    {"apply": {"model": "minecraft:block/air"},
      "when": {"AND": [{"facing": "west"},
          {"slot_0_occupied": "false"}]}},

    {"apply": [{"model": "minecraft:block/chiseled_bookshelf/slot_6/1","y": 270},
    {"model": "minecraft:block/chiseled_bookshelf/slot_6/2","y": 270},
    {"model": "minecraft:block/chiseled_bookshelf/slot_6/3","y": 270},
    {"model": "minecraft:block/chiseled_bookshelf/slot_6/4","y": 270},
    {"model": "minecraft:block/chiseled_bookshelf/slot_6/5","y": 270},
    {"model": "minecraft:block/chiseled_bookshelf/slot_6/6","y": 270}],
      "when": {"AND": [{"facing": "west"},
          {"slot_5_occupied": "true"}]}},

    {"apply": {"model": "minecraft:block/air"},
      "when": {"AND": [{"facing": "west"},
          {"slot_5_occupied": "false"}]}},

    {"apply": [{"model": "minecraft:block/chiseled_bookshelf/slot_4/1","y": 270},
    {"model": "minecraft:block/chiseled_bookshelf/slot_4/2","y": 270},
    {"model": "minecraft:block/chiseled_bookshelf/slot_4/3","y": 270},
    {"model": "minecraft:block/chiseled_bookshelf/slot_4/4","y": 270},
    {"model": "minecraft:block/chiseled_bookshelf/slot_4/5","y": 270},
    {"model": "minecraft:block/chiseled_bookshelf/slot_4/6","y": 270}],
      "when": {"AND": [{"facing": "west"},
          {"slot_3_occupied": "true"}]}},

    {"apply": {"model": "minecraft:block/air"},
      "when": {"AND": [{"facing": "west"},
          {"slot_3_occupied": "false"}]}},

    {"apply": [{"model": "minecraft:block/chiseled_bookshelf/slot_2/1","y": 270},
    {"model": "minecraft:block/chiseled_bookshelf/slot_2/2","y": 270},
    {"model": "minecraft:block/chiseled_bookshelf/slot_2/3","y": 270},
    {"model": "minecraft:block/chiseled_bookshelf/slot_2/4","y": 270},
    {"model": "minecraft:block/chiseled_bookshelf/slot_2/5","y": 270},
    {"model": "minecraft:block/chiseled_bookshelf/slot_2/6","y": 270}],
      "when":{ "AND": [{"facing": "west"},
          {"slot_1_occupied": "true"}]}},

    {"apply": {"model": "minecraft:block/air"},
      "when": {"AND": [{"facing": "west"},
          {"slot_1_occupied": "false"}]}},

    {"apply": {"model": "minecraft:block/chiseled_bookshelf/base","y": 180},
      "when": {"facing": "south"}},

    {"apply": [{"model": "minecraft:block/chiseled_bookshelf/slot_3/1","y": 180},
    {"model": "minecraft:block/chiseled_bookshelf/slot_3/2","y": 180},
    {"model": "minecraft:block/chiseled_bookshelf/slot_3/3","y": 180},
    {"model": "minecraft:block/chiseled_bookshelf/slot_3/4","y": 180},
    {"model": "minecraft:block/chiseled_bookshelf/slot_3/5","y": 180},
    {"model": "minecraft:block/chiseled_bookshelf/slot_3/6","y": 180}],
      "when": {"AND": [{"facing": "south"},
          {"slot_2_occupied": "true"}]}},

    {"apply": {"model": "minecraft:block/air"},
      "when": {"AND": [{"facing": "south"},
          {"slot_2_occupied": "false"}]}},

    {"apply": [{"model": "minecraft:block/chiseled_bookshelf/slot_5/1","y": 180},
    {"model": "minecraft:block/chiseled_bookshelf/slot_5/2","y": 180},
    {"model": "minecraft:block/chiseled_bookshelf/slot_5/3","y": 180},
    {"model": "minecraft:block/chiseled_bookshelf/slot_5/4","y": 180},
    {"model": "minecraft:block/chiseled_bookshelf/slot_5/5","y": 180},
    {"model": "minecraft:block/chiseled_bookshelf/slot_5/6","y": 180}],
      "when": {"AND": [{"facing": "south"},
          {"slot_4_occupied": "true"}]}},

    {"apply": {"model": "minecraft:block/air"},
      "when": {"AND": [{"facing": "south"},
          {"slot_4_occupied": "false"}]}},

    {"apply": [{"model": "minecraft:block/chiseled_bookshelf/slot_1/1","y": 180},
    {"model": "minecraft:block/chiseled_bookshelf/slot_1/2","y": 180},
    {"model": "minecraft:block/chiseled_bookshelf/slot_1/3","y": 180},
    {"model": "minecraft:block/chiseled_bookshelf/slot_1/4","y": 180},
    {"model": "minecraft:block/chiseled_bookshelf/slot_1/5","y": 180},
    {"model": "minecraft:block/chiseled_bookshelf/slot_1/6","y": 180}],
      "when": {"AND": [{"facing": "south"},
          {"slot_0_occupied": "true"}]}},

    {"apply": {"model": "minecraft:block/air"},
      "when": {"AND": [{"facing": "south"},
          {"slot_0_occupied": "false"}]}},

    {"apply": [{"model": "minecraft:block/chiseled_bookshelf/slot_6/1","y": 180},
    {"model": "minecraft:block/chiseled_bookshelf/slot_6/2","y": 180},
    {"model": "minecraft:block/chiseled_bookshelf/slot_6/3","y": 180},
    {"model": "minecraft:block/chiseled_bookshelf/slot_6/4","y": 180},
    {"model": "minecraft:block/chiseled_bookshelf/slot_6/5","y": 180},
    {"model": "minecraft:block/chiseled_bookshelf/slot_6/6","y": 180}],
      "when": {"AND": [{"facing": "south"},
          {"slot_5_occupied": "true"}]}},

    {"apply": {"model": "minecraft:block/air"},
      "when": {"AND": [{"facing": "south"},
          {"slot_5_occupied": "false"}]}},

    {"apply": [{"model": "minecraft:block/chiseled_bookshelf/slot_4/1","y": 180},
    {"model": "minecraft:block/chiseled_bookshelf/slot_4/2","y": 180},
    {"model": "minecraft:block/chiseled_bookshelf/slot_4/3","y": 180},
    {"model": "minecraft:block/chiseled_bookshelf/slot_4/4","y": 180},
    {"model": "minecraft:block/chiseled_bookshelf/slot_4/5","y": 180},
    {"model": "minecraft:block/chiseled_bookshelf/slot_4/6","y": 180}],
      "when": {"AND": [{"facing": "south"},
          {"slot_3_occupied": "true"}]}},

    {"apply": {"model": "minecraft:block/air"},
      "when": {"AND": [{"facing": "south"},
          {"slot_3_occupied": "false"}]}},
          
    {"apply": [{"model": "minecraft:block/chiseled_bookshelf/slot_2/1","y": 180},
    {"model": "minecraft:block/chiseled_bookshelf/slot_2/2","y": 180},
    {"model": "minecraft:block/chiseled_bookshelf/slot_2/3","y": 180},
    {"model": "minecraft:block/chiseled_bookshelf/slot_2/4","y": 180},
    {"model": "minecraft:block/chiseled_bookshelf/slot_2/5","y": 180},
    {"model": "minecraft:block/chiseled_bookshelf/slot_2/6","y": 180}],
      "when": {"AND": [{"facing": "south"},
          {"slot_1_occupied": "true"}]}},

    {"apply": {"model": "minecraft:block/air"},
      "when": {"AND": [{"facing": "south"},
          {"slot_1_occupied": "false"}]}},

    {"apply": {"model": "minecraft:block/chiseled_bookshelf/base","y": 0},
      "when": {"facing": "north"}},

    {"apply": [{"model": "minecraft:block/chiseled_bookshelf/slot_3/1","y": 0},
    {"model": "minecraft:block/chiseled_bookshelf/slot_3/2","y": 0},
    {"model": "minecraft:block/chiseled_bookshelf/slot_3/3","y": 0},
    {"model": "minecraft:block/chiseled_bookshelf/slot_3/4","y": 0},
    {"model": "minecraft:block/chiseled_bookshelf/slot_3/5","y": 0},
    {"model": "minecraft:block/chiseled_bookshelf/slot_3/6","y": 0}],
      "when": {"AND": [{"facing": "north"},
          {"slot_2_occupied": "true"}]}},

    {"apply": {"model": "minecraft:block/air"},
      "when": {"AND": [{"facing": "north"},
          {"slot_2_occupied": "false"}]}},

    {"apply": [{"model": "minecraft:block/chiseled_bookshelf/slot_5/1","y": 0},
    {"model": "minecraft:block/chiseled_bookshelf/slot_5/2","y": 0},
    {"model": "minecraft:block/chiseled_bookshelf/slot_5/3","y": 0},
    {"model": "minecraft:block/chiseled_bookshelf/slot_5/4","y": 0},
    {"model": "minecraft:block/chiseled_bookshelf/slot_5/5","y": 0},
    {"model": "minecraft:block/chiseled_bookshelf/slot_5/6","y": 0}],
      "when": {"AND": [{"facing": "north"},
          {"slot_4_occupied": "true"}]}},

    {"apply": {"model": "minecraft:block/air"},
      "when": {"AND": [{"facing": "north"},
          {"slot_4_occupied": "false"}]}},

    {"apply": [{"model": "minecraft:block/chiseled_bookshelf/slot_1/1","y": 0},
    {"model": "minecraft:block/chiseled_bookshelf/slot_1/2","y": 0},
    {"model": "minecraft:block/chiseled_bookshelf/slot_1/3","y": 0},
    {"model": "minecraft:block/chiseled_bookshelf/slot_1/4","y": 0},
    {"model": "minecraft:block/chiseled_bookshelf/slot_1/5","y": 0},
    {"model": "minecraft:block/chiseled_bookshelf/slot_1/6","y": 0}],
      "when": {"AND": [{"facing": "north"},
          {"slot_0_occupied": "true"}]}},

    {"apply": {"model": "minecraft:block/air"},
      "when": {"AND": [{"facing": "north"},
          {"slot_0_occupied": "false"}]}},

    {"apply": [{"model": "minecraft:block/chiseled_bookshelf/slot_6/1","y": 0},
    {"model": "minecraft:block/chiseled_bookshelf/slot_6/2","y": 0},
    {"model": "minecraft:block/chiseled_bookshelf/slot_6/3","y": 0},
    {"model": "minecraft:block/chiseled_bookshelf/slot_6/4","y": 0},
    {"model": "minecraft:block/chiseled_bookshelf/slot_6/5","y": 0},
    {"model": "minecraft:block/chiseled_bookshelf/slot_6/6","y": 0}],
      "when": {"AND": [{"facing": "north"},
          {"slot_5_occupied": "true"}]}},

    {"apply": {"model": "minecraft:block/air"},
      "when": {"AND": [{"facing": "north"},
          {"slot_5_occupied": "false"}]}},

    {"apply": [{"model": "minecraft:block/chiseled_bookshelf/slot_4/1","y": 0},
    {"model": "minecraft:block/chiseled_bookshelf/slot_4/2","y": 0},
    {"model": "minecraft:block/chiseled_bookshelf/slot_4/3","y": 0},
    {"model": "minecraft:block/chiseled_bookshelf/slot_4/4","y": 0},
    {"model": "minecraft:block/chiseled_bookshelf/slot_4/5","y": 0},
    {"model": "minecraft:block/chiseled_bookshelf/slot_4/6","y": 0}],
      "when": {"AND": [{"facing": "north"},
          {"slot_3_occupied": "true"}]}},

    {"apply": {"model": "minecraft:block/air"},
      "when": {"AND": [{"facing": "north"},
          {"slot_3_occupied": "false"}]}},

    {"apply": [{"model": "minecraft:block/chiseled_bookshelf/slot_2/1","y": 0},
    {"model": "minecraft:block/chiseled_bookshelf/slot_2/2","y": 0},
    {"model": "minecraft:block/chiseled_bookshelf/slot_2/3","y": 0},
    {"model": "minecraft:block/chiseled_bookshelf/slot_2/4","y": 0},
    {"model": "minecraft:block/chiseled_bookshelf/slot_2/5","y": 0},
    {"model": "minecraft:block/chiseled_bookshelf/slot_2/6","y": 0}],
      "when": {"AND": [{"facing": "north"},
          {"slot_1_occupied": "true"}]}},

    {"apply": {"model": "minecraft:block/air"},
      "when": {"AND": [{"facing": "north"},
          {"slot_1_occupied": "false"}]}}]}