{
    "variants": {
        "":
            [ { "model": "block/crimson_fungus", "weight": 100 },
            { "model": "block/crimson_fungus", "y": 90, "weight": 100 },
            { "model": "block/crimson_fungus", "y": 180, "weight": 100 },
            { "model": "block/crimson_fungus", "y": 270, "weight": 100 },
            { "model": "block/crimson_fungus2", "weight": 10 },
            { "model": "block/crimson_fungus2", "y": 90, "weight": 10 },
            { "model": "block/crimson_fungus2", "y": 180, "weight": 10 },
            { "model": "block/crimson_fungus2", "y": 270, "weight": 10 },
            { "model": "block/crimson_fungus3", "weight": 20 },
            { "model": "block/crimson_fungus3", "y": 90, "weight": 20 },
            { "model": "block/crimson_fungus3", "y": 180, "weight": 20 },
            { "model": "block/crimson_fungus3", "y": 270, "weight": 20 }
        ]
    }
}