{
    "variants": {
        "moisture=0": { "model": "block/grass_block/farmland/1" },
        "moisture=1": { "model": "block/grass_block/farmland/2" },
        "moisture=2": { "model": "block/grass_block/farmland/3" },
        "moisture=3": { "model": "block/grass_block/farmland/4" },
        "moisture=4": { "model": "block/grass_block/farmland/5" },
        "moisture=5": { "model": "block/grass_block/farmland/6" },
        "moisture=6": { "model": "block/grass_block/farmland/7" },
        "moisture=7": { "model": "block/grass_block/farmland/8" }
    }
}
