{
  "variants": {
    "facing=down": [{"model": "minecraft:block/large_amethyst_bud","x": 180},
      {"model": "minecraft:block/large_amethyst_bud90","x": 180},
      {"model": "minecraft:block/large_amethyst_bud180","x": 180},
      {"model": "minecraft:block/large_amethyst_bud270","x": 180}],

    "facing=east": [{"model": "minecraft:block/large_amethyst_bud","x": 90,"y": 90},
      {"model": "minecraft:block/large_amethyst_bud90","x": 90,"y": 90},
      {"model": "minecraft:block/large_amethyst_bud180","x": 90,"y": 90},
      {"model": "minecraft:block/large_amethyst_bud270","x": 90,"y": 90}],

    "facing=north": [{"model": "minecraft:block/large_amethyst_bud","x": 90},
      {"model": "minecraft:block/large_amethyst_bud90","x": 90},
      {"model": "minecraft:block/large_amethyst_bud180","x": 90},
      {"model": "minecraft:block/large_amethyst_bud270","x": 90}],

    "facing=south": [{"model": "minecraft:block/large_amethyst_bud","x": 90,"y": 180},
      {"model": "minecraft:block/large_amethyst_bud90","x": 90,"y": 180},
      {"model": "minecraft:block/large_amethyst_bud180","x": 90,"y": 180},
      {"model": "minecraft:block/large_amethyst_bud270","x": 90,"y": 180}],

    "facing=up": [{"model": "minecraft:block/large_amethyst_bud"},
      {"model": "minecraft:block/large_amethyst_bud90"},
      {"model": "minecraft:block/large_amethyst_bud180"},
      {"model": "minecraft:block/large_amethyst_bud270"}],

    "facing=west": [{"model": "minecraft:block/large_amethyst_bud","x": 90,"y": 270},
      {"model": "minecraft:block/large_amethyst_bud90","x": 90,"y": 270},
      {"model": "minecraft:block/large_amethyst_bud180","x": 90,"y": 270},
      {"model": "minecraft:block/large_amethyst_bud270","x": 90,"y": 270}]

  }
}