{
    "variants": {
        "": [
            { "model": "block/lily_pad/0","weight":100},
            { "model": "block/lily_pad/0", "y": 90,"weight":100},
            { "model": "block/lily_pad/0", "y": 180,"weight":100},
            { "model": "block/lily_pad/0", "y": 270,"weight":100},
            { "model": "block/lily_pad/1","weight":100},
            { "model": "block/lily_pad/1", "y": 90,"weight":100},
            { "model": "block/lily_pad/1", "y": 180,"weight":100},
            { "model": "block/lily_pad/1", "y": 270,"weight":100},
            { "model": "block/lily_pad/2","weight":100},
            { "model": "block/lily_pad/2", "y": 90,"weight":100},
            { "model": "block/lily_pad/2", "y": 180,"weight":100},
            { "model": "block/lily_pad/2", "y": 270,"weight":100},
            { "model": "block/lily_pad/3","weight":100},
            { "model": "block/lily_pad/3", "y": 90,"weight":100},
            { "model": "block/lily_pad/3", "y": 180,"weight":100},
            { "model": "block/lily_pad/3", "y": 270,"weight":100},
            { "model": "block/lily_pad/4","weight":100},
            { "model": "block/lily_pad/4", "y": 90,"weight":100},
            { "model": "block/lily_pad/4", "y": 180,"weight":100},
            { "model": "block/lily_pad/4", "y": 270,"weight":100},
            { "model": "block/lily_pad/5","weight":100},
            { "model": "block/lily_pad/5", "y": 90,"weight":100},
            { "model": "block/lily_pad/5", "y": 180,"weight":100},
            { "model": "block/lily_pad/5", "y": 270,"weight":100},
            { "model": "block/lily_pad/6","weight":100},
            { "model": "block/lily_pad/6", "y": 90,"weight":100},
            { "model": "block/lily_pad/6", "y": 180,"weight":100},
            { "model": "block/lily_pad/6", "y": 270,"weight":100},
            { "model": "block/lily_pad/7","weight":100},
            { "model": "block/lily_pad/7", "y": 90,"weight":100},
            { "model": "block/lily_pad/7", "y": 180,"weight":100},
            { "model": "block/lily_pad/7", "y": 270,"weight":100},
            { "model": "block/lily_pad/8","weight":100},
            { "model": "block/lily_pad/8", "y": 90,"weight":100},
            { "model": "block/lily_pad/8", "y": 180,"weight":100},
            { "model": "block/lily_pad/8", "y": 270,"weight":100},
            { "model": "block/lily_pad/9","weight":100},
            { "model": "block/lily_pad/9", "y": 90,"weight":100},
            { "model": "block/lily_pad/9", "y": 180,"weight":100},
            { "model": "block/lily_pad/9", "y": 270,"weight":100},
            { "model": "block/lily_pad/10","weight":100},
            { "model": "block/lily_pad/10", "y": 90,"weight":100},
            { "model": "block/lily_pad/10", "y": 180,"weight":100},
            { "model": "block/lily_pad/10", "y": 270,"weight":100},
            { "model": "block/lily_pad/11","weight":100},
            { "model": "block/lily_pad/11", "y": 90,"weight":100},
            { "model": "block/lily_pad/11", "y": 180,"weight":100},
            { "model": "block/lily_pad/11", "y": 270,"weight":100},
            { "model": "block/lily_pad/12","weight":100},
            { "model": "block/lily_pad/12", "y": 90,"weight":100},
            { "model": "block/lily_pad/12", "y": 180,"weight":100},
            { "model": "block/lily_pad/12", "y": 270,"weight":100},
            { "model": "block/lily_pad/13","weight":100},
            { "model": "block/lily_pad/13", "y": 90,"weight":100},
            { "model": "block/lily_pad/13", "y": 180,"weight":100},
            { "model": "block/lily_pad/13", "y": 270,"weight":100},
            
            { "model": "block/lily_pad/ooze/1", "y": 270,"weight":50},
            { "model": "block/lily_pad/ooze/2", "y": 270,"weight":50},
            { "model": "block/lily_pad/ooze/3", "y": 270,"weight":50},
            { "model": "block/lily_pad/ooze/4", "y": 270,"weight":50},
            { "model": "block/lily_pad/ooze/5", "y": 270,"weight":50}
        ]
    }
}
