{
  "variants": {
    "age=0,half=lower":
    [{"model": "minecraft:block/pitcher_crop_stage_0"},
    {"model": "minecraft:block/pitcher_crop_stage_0", "y": 90},
    {"model": "minecraft:block/pitcher_crop_stage_0", "y": 180},
    {"model": "minecraft:block/pitcher_crop_stage_0", "y": 270}],
    
    "age=0,half=upper":
    {"model": "minecraft:block/pitcher_air"},
    
    "age=1,half=lower":
    [{"model": "minecraft:block/pitcher_crop_stage_1"},
    {"model": "minecraft:block/pitcher_crop_stage_1", "y": 90},
    {"model": "minecraft:block/pitcher_crop_stage_1", "y": 180},
    {"model": "minecraft:block/pitcher_crop_stage_1", "y": 270}],
   
    "age=1,half=upper":
    {"model": "minecraft:block/pitcher_air"},
   
    "age=2,half=lower":
    [{"model": "minecraft:block/pitcher_crop_stage_2"},
    {"model": "minecraft:block/pitcher_crop_stage_2", "y": 90},
    {"model": "minecraft:block/pitcher_crop_stage_2", "y": 180},
    {"model": "minecraft:block/pitcher_crop_stage_2", "y": 270}],
   
    "age=2,half=upper":
    {"model": "minecraft:block/pitcher_air"},
    
    "age=3,half=lower":
    [{"model": "minecraft:block/pitcher_crop_stage_3"},
    {"model": "minecraft:block/pitcher_crop_stage_3", "y": 90},
    {"model": "minecraft:block/pitcher_crop_stage_3", "y": 180},
    {"model": "minecraft:block/pitcher_crop_stage_3", "y": 270}],
    
    "age=3,half=upper":
    {"model": "minecraft:block/pitcher_air"},
   
    "age=4,half=lower":
    [{"model": "minecraft:block/pitcher_crop_stage_4"},
    {"model": "minecraft:block/pitcher_crop_stage_4", "y": 90},
    {"model": "minecraft:block/pitcher_crop_stage_4", "y": 180},
    {"model": "minecraft:block/pitcher_crop_stage_4", "y": 270}],
   
    "age=4,half=upper":
    {"model": "minecraft:block/pitcher_air"}
 
  }
}