{
  "variants": {

	"facing=east,half=bottom,shape=inner_left":
	{"model": "block/polished_deepslate_stairs/polished_stairs_inner/y270"},

	"facing=east,half=bottom,shape=inner_right":
	{"model": "block/polished_deepslate_stairs/polished_stairs_inner/0"},

	"facing=east,half=bottom,shape=outer_left":
	{"model": "block/polished_deepslate_stairs/polished_stairs_outer/y270"},

	"facing=east,half=bottom,shape=outer_right":
	{"model": "block/polished_deepslate_stairs/polished_stairs_outer/0"},

	"facing=east,half=bottom,shape=straight":
	{"model": "block/polished_deepslate_stairs/polished_stairs/0"},

	"facing=east,half=top,shape=inner_left":
	{"model": "block/polished_deepslate_stairs/polished_stairs_inner/x180"},

	"facing=east,half=top,shape=inner_right":
	{"model": "block/polished_deepslate_stairs/polished_stairs_inner/x180y90"},

	"facing=east,half=top,shape=outer_left":
	{"model": "block/polished_deepslate_stairs/polished_stairs_outer/x180"},

	"facing=east,half=top,shape=outer_right":
	{"model": "block/polished_deepslate_stairs/polished_stairs_outer/x180y90"},

	"facing=east,half=top,shape=straight":
	{"model": "block/polished_deepslate_stairs/polished_stairs/x180"},

	"facing=north,half=bottom,shape=inner_left":
	{"model": "block/polished_deepslate_stairs/polished_stairs_inner/y180"},

	"facing=north,half=bottom,shape=inner_right":
	{"model": "block/polished_deepslate_stairs/polished_stairs_inner/y270"},

	"facing=north,half=bottom,shape=outer_left":
	{"model": "block/polished_deepslate_stairs/polished_stairs_outer/y180"},

	"facing=north,half=bottom,shape=outer_right":
	{"model": "block/polished_deepslate_stairs/polished_stairs_outer/y270"},

	"facing=north,half=bottom,shape=straight":
	{"model": "block/polished_deepslate_stairs/polished_stairs/y270"},

	"facing=north,half=top,shape=inner_left":
	{"model": "block/polished_deepslate_stairs/polished_stairs_inner/x180y270"},

	"facing=north,half=top,shape=inner_right":
	{"model": "block/polished_deepslate_stairs/polished_stairs_inner/x180"},

	"facing=north,half=top,shape=outer_left":
	{"model": "block/polished_deepslate_stairs/polished_stairs_outer/x180y270"},

	"facing=north,half=top,shape=outer_right":
	{"model": "block/polished_deepslate_stairs/polished_stairs_outer/x180"},

	"facing=north,half=top,shape=straight":
	{"model": "block/polished_deepslate_stairs/polished_stairs/x180y270"},

	"facing=south,half=bottom,shape=inner_left":
	{"model": "block/polished_deepslate_stairs/polished_stairs_inner/0"},

	"facing=south,half=bottom,shape=inner_right":
	{"model": "block/polished_deepslate_stairs/polished_stairs_inner/y90"},

	"facing=south,half=bottom,shape=outer_left":
	{"model": "block/polished_deepslate_stairs/polished_stairs_outer/0"},

	"facing=south,half=bottom,shape=outer_right":
	{"model": "block/polished_deepslate_stairs/polished_stairs_outer/y90"},

	"facing=south,half=bottom,shape=straight":
	{"model": "block/polished_deepslate_stairs/polished_stairs/y90"},

	"facing=south,half=top,shape=inner_left":
	{"model": "block/polished_deepslate_stairs/polished_stairs_inner/x180y90"},

	"facing=south,half=top,shape=inner_right":
	{"model": "block/polished_deepslate_stairs/polished_stairs_inner/x180y180"},

	"facing=south,half=top,shape=outer_left":
	{"model": "block/polished_deepslate_stairs/polished_stairs_outer/x180y90"},

	"facing=south,half=top,shape=outer_right":
	{"model": "block/polished_deepslate_stairs/polished_stairs_outer/x180y180"},

	"facing=south,half=top,shape=straight":
	{"model": "block/polished_deepslate_stairs/polished_stairs/x180y90"},

	"facing=west,half=bottom,shape=inner_left":
	{"model": "block/polished_deepslate_stairs/polished_stairs_inner/y90"},

	"facing=west,half=bottom,shape=inner_right":
	{"model": "block/polished_deepslate_stairs/polished_stairs_inner/y180"},

	"facing=west,half=bottom,shape=outer_left":
	{"model": "block/polished_deepslate_stairs/polished_stairs_outer/y90"},

	"facing=west,half=bottom,shape=outer_right":
	{"model": "block/polished_deepslate_stairs/polished_stairs_outer/y180"},

	"facing=west,half=bottom,shape=straight":
	{"model": "block/polished_deepslate_stairs/polished_stairs/y180"},

	"facing=west,half=top,shape=inner_left":
	{"model": "block/polished_deepslate_stairs/polished_stairs_inner/x180y180"},

	"facing=west,half=top,shape=inner_right":
	{"model": "block/polished_deepslate_stairs/polished_stairs_inner/x180y270"},

	"facing=west,half=top,shape=outer_left":
	{"model": "block/polished_deepslate_stairs/polished_stairs_outer/x180y180"},

	"facing=west,half=top,shape=outer_right":
	{"model": "block/polished_deepslate_stairs/polished_stairs_outer/x180y270"},

	"facing=west,half=top,shape=straight":
	{"model": "block/polished_deepslate_stairs/polished_stairs/x180y180"}

  }
}