{
    "variants": {
        "facing=north,lit=true":
		
		  [ { "model": "block/campfire/soul_campfire/0", "y": 180 },
			{ "model": "block/campfire/soul_campfire/1", "y": 180 },
			{ "model": "block/campfire/soul_campfire/2", "y": 180 } ],

        "facing=south,lit=true":
		
		  [ { "model": "block/campfire/soul_campfire/0" },
			{ "model": "block/campfire/soul_campfire/1" },
			{ "model": "block/campfire/soul_campfire/2" }],

        "facing=east,lit=true":
		
		  [ { "model": "block/campfire/soul_campfire/0", "y": 270 },
			{ "model": "block/campfire/soul_campfire/1", "y": 270 },
			{ "model": "block/campfire/soul_campfire/2", "y": 270 }],

        "facing=west,lit=true":
		
		  [ { "model": "block/campfire/soul_campfire/0", "y": 90 },
			{ "model": "block/campfire/soul_campfire/1", "y": 90 },
			{ "model": "block/campfire/soul_campfire/2", "y": 90 }],

        "facing=north,lit=false":
		
		  [ { "model": "block/campfire/soul_campfire_off", "y": 180 } ],

        "facing=south,lit=false":
		
		  [ { "model": "block/campfire/soul_campfire_off" }],

        "facing=east,lit=false":
		
		  [ { "model": "block/campfire/soul_campfire_off", "y": 270 }],

        "facing=west,lit=false":
		
		  [ { "model": "block/campfire/soul_campfire_off", "y": 90 }]
    }
}
