{"variants":

{"facing=east,open=false":
{"y":90,"model":"block/gate/gate/spruce"},

"facing=east,open=true":
{"y":90,"model":"block/gate/gate_open_inverted/spruce"},


"facing=north,open=false":
{"model":"block/gate/gate/spruce"},

"facing=north,open=true":
{"model":"block/gate/gate_open_inverted/spruce"},

"facing=south,open=false":
{"model":"block/gate/gate/spruce"},

"facing=south,open=true":
{"model":"block/gate/gate_open/spruce"},

"facing=west,open=false":
{"y":90,"model":"block/gate/gate/spruce"},

"facing=west,open=true":
{"y":90,"model":"block/gate/gate_open/spruce"}}}