{
  "variants": {
    "age=0":
    [{"model": "minecraft:block/torchflower_crop_stage0"},
    {"model": "minecraft:block/torchflower_crop_stage0", "y": 90},
    {"model": "minecraft:block/torchflower_crop_stage0", "y": 180},
    {"model": "minecraft:block/torchflower_crop_stage0", "y": 270}],
    
    "age=1":
    [{"model": "minecraft:block/torchflower_crop_stage1"},
    {"model": "minecraft:block/torchflower_crop_stage1", "y": 90},
    {"model": "minecraft:block/torchflower_crop_stage1", "y": 180},
    {"model": "minecraft:block/torchflower_crop_stage1", "y": 270}]
  
  }
}