{
	"credit": "Made with Blockbench",
	"textures": {
		"0": "block/amethyst_crystal",
		"particle": "block/break/amethyst_crystal"
	},
	"elements": [
		{
			"from": [9, 0.001, 5],
			"to": [12, 16.001, 8],
			"rotation": {"angle": 0, "axis": "y", "origin": [8, 0, 8]},
			"faces": {
				"north": {"uv": [10, 0, 13, 16], "texture": "#0"},
				"east": {"uv": [13, 0, 10, 16], "texture": "#0"},
				"south": {"uv": [10, 0, 13, 16], "texture": "#0"},
				"west": {"uv": [13, 0, 10, 16], "texture": "#0"},
				"up": {"uv": [13, 0, 16, 3], "rotation": 90, "texture": "#0"},
				"down": {"uv": [13, 3, 16, 6], "rotation": 270, "texture": "#0"}
			}
		},
		{
			"from": [7, 0, 7],
			"to": [10, 12, 10],
			"rotation": {"angle": 0, "axis": "y", "origin": [8, 0, 8]},
			"faces": {
				"north": {"uv": [10, 0, 13, 12], "texture": "#0"},
				"east": {"uv": [13, 0, 10, 12], "texture": "#0"},
				"south": {"uv": [10, 0, 13, 12], "texture": "#0"},
				"west": {"uv": [13, 0, 10, 12], "texture": "#0"},
				"up": {"uv": [13, 0, 16, 3], "rotation": 90, "texture": "#0"},
				"down": {"uv": [13, 3, 16, 6], "rotation": 270, "texture": "#0"}
			}
		},
		{
			"from": [10, 0, 9],
			"to": [13, 4, 12],
			"rotation": {"angle": 0, "axis": "y", "origin": [8, 0, 8]},
			"faces": {
				"north": {"uv": [10, 0, 13, 4], "texture": "#0"},
				"east": {"uv": [13, 0, 10, 4], "texture": "#0"},
				"south": {"uv": [10, 0, 13, 4], "texture": "#0"},
				"west": {"uv": [13, 0, 10, 4], "texture": "#0"},
				"up": {"uv": [13, 0, 16, 3], "rotation": 90, "texture": "#0"},
				"down": {"uv": [13, 3, 16, 6], "rotation": 270, "texture": "#0"}
			}
		},
		{
			"from": [4.39104, -0.06147, 8],
			"to": [7.39104, 9.93853, 11],
			"rotation": {"angle": 22.5, "axis": "z", "origin": [8, 0, 8]},
			"faces": {
				"north": {"uv": [10, 0, 13, 10], "texture": "#0"},
				"east": {"uv": [13, 0, 10, 10], "texture": "#0"},
				"south": {"uv": [10, 0, 13, 10], "texture": "#0"},
				"west": {"uv": [13, 0, 10, 10], "texture": "#0"},
				"up": {"uv": [13, 0, 16, 3], "rotation": 90, "texture": "#0"},
				"down": {"uv": [13, 3, 16, 6], "rotation": 270, "texture": "#0"}
			}
		},
		{
			"from": [8.39104, 0.06147, 3],
			"to": [11.39104, 12.06147, 6],
			"rotation": {"angle": -22.5, "axis": "z", "origin": [8, 0, 8]},
			"faces": {
				"north": {"uv": [10, 0, 13, 12], "texture": "#0"},
				"east": {"uv": [13, 0, 10, 12], "texture": "#0"},
				"south": {"uv": [10, 0, 13, 12], "texture": "#0"},
				"west": {"uv": [13, 0, 10, 12], "texture": "#0"},
				"up": {"uv": [13, 0, 16, 3], "rotation": 90, "texture": "#0"},
				"down": {"uv": [13, 3, 16, 6], "rotation": 270, "texture": "#0"}
			}
		},
		{
			"from": [5, 0.001, 5],
			"to": [8, 6.001, 8],
			"rotation": {"angle": 0, "axis": "y", "origin": [8, 0, 8]},
			"faces": {
				"north": {"uv": [10, 0, 13, 6], "texture": "#0"},
				"east": {"uv": [13, 0, 10, 6], "texture": "#0"},
				"south": {"uv": [10, 0, 13, 6], "texture": "#0"},
				"west": {"uv": [13, 0, 10, 6], "texture": "#0"},
				"up": {"uv": [13, 0, 16, 3], "rotation": 90, "texture": "#0"},
				"down": {"uv": [13, 3, 16, 6], "rotation": 270, "texture": "#0"}
			}
		}
	]
}