{
	"credit": "Made with Blockbench",
	"textures": {
		"0": "block/amethyst_crystal",
		"particle": "block/break/amethyst_crystal"
	},
	"elements": [
		{
			"from": [5, 0.001, 4],
			"to": [8, 16.001, 7],
			"faces": {
				"north": {"uv": [13, 0, 10, 16], "texture": "#0"},
				"east": {"uv": [10, 0, 13, 16], "texture": "#0"},
				"south": {"uv": [13, 0, 10, 16], "texture": "#0"},
				"west": {"uv": [10, 0, 13, 16], "texture": "#0"},
				"up": {"uv": [13, 0, 16, 3], "texture": "#0"},
				"down": {"uv": [13, 3, 16, 6], "texture": "#0"}
			}
		},
		{
			"from": [7, 0, 6],
			"to": [10, 12, 9],
			"faces": {
				"north": {"uv": [13, 0, 10, 12], "texture": "#0"},
				"east": {"uv": [10, 0, 13, 12], "texture": "#0"},
				"south": {"uv": [13, 0, 10, 12], "texture": "#0"},
				"west": {"uv": [10, 0, 13, 12], "texture": "#0"},
				"up": {"uv": [13, 0, 16, 3], "texture": "#0"},
				"down": {"uv": [13, 3, 16, 6], "texture": "#0"}
			}
		},
		{
			"from": [9, 0, 3],
			"to": [12, 4, 6],
			"faces": {
				"north": {"uv": [13, 0, 10, 4], "texture": "#0"},
				"east": {"uv": [10, 0, 13, 4], "texture": "#0"},
				"south": {"uv": [13, 0, 10, 4], "texture": "#0"},
				"west": {"uv": [10, 0, 13, 4], "texture": "#0"},
				"up": {"uv": [13, 0, 16, 3], "texture": "#0"},
				"down": {"uv": [13, 3, 16, 6], "texture": "#0"}
			}
		},
		{
			"from": [8, 3, 8],
			"to": [11, 13, 11],
			"rotation": {"angle": 22.5, "axis": "x", "origin": [0, 0, 0]},
			"faces": {
				"north": {"uv": [13, 0, 10, 10], "texture": "#0"},
				"east": {"uv": [10, 0, 13, 10], "texture": "#0"},
				"south": {"uv": [13, 0, 10, 10], "texture": "#0"},
				"west": {"uv": [10, 0, 13, 10], "texture": "#0"},
				"up": {"uv": [13, 0, 16, 3], "texture": "#0"},
				"down": {"uv": [13, 3, 16, 6], "texture": "#0"}
			}
		},
		{
			"from": [3, -3, 4],
			"to": [6, 9, 7],
			"rotation": {"angle": -22.5, "axis": "x", "origin": [0, 0, 0]},
			"faces": {
				"north": {"uv": [13, 0, 10, 12], "texture": "#0"},
				"east": {"uv": [10, 0, 13, 12], "texture": "#0"},
				"south": {"uv": [13, 0, 10, 12], "texture": "#0"},
				"west": {"uv": [10, 0, 13, 12], "texture": "#0"},
				"up": {"uv": [13, 0, 16, 3], "texture": "#0"},
				"down": {"uv": [13, 3, 16, 6], "texture": "#0"}
			}
		},
		{
			"from": [5, 0.001, 8],
			"to": [8, 6.001, 11],
			"faces": {
				"north": {"uv": [13, 0, 10, 6], "texture": "#0"},
				"east": {"uv": [10, 0, 13, 6], "texture": "#0"},
				"south": {"uv": [13, 0, 10, 6], "texture": "#0"},
				"west": {"uv": [10, 0, 13, 6], "texture": "#0"},
				"up": {"uv": [13, 0, 16, 3], "texture": "#0"},
				"down": {"uv": [13, 3, 16, 6], "texture": "#0"}
			}
		}
	]
}