{
	"credit": "Made with Blockbench",
	"texture_size": [64, 64],
	"textures": {
		"0": "block/birch_trapdoor",
		"particle": "block/birch_trapdoor"
	},
	"elements": [
		{
			"from": [0, 13, 14],
			"to": [16, 16, 16],
			"rotation": {"angle": 0, "axis": "x", "origin": [8, 0, 16]},
			"faces": {
				"north": {"uv": [0, 13, 16, 16], "rotation": 180, "texture": "#0"},
				"east": {"uv": [13.5, 0, 16, 2.5], "rotation": 270, "texture": "#0"},
				"south": {"uv": [16, 16, 0, 13], "texture": "#0"},
				"west": {"uv": [0, 0, 2.5, 2.5], "rotation": 90, "texture": "#0"},
				"up": {"uv": [0, 14.5, 16, 16], "rotation": 180, "texture": "#0"},
				"down": {"uv": [0, 14.5, 16, 16], "texture": "#0"}
			}
		},
		{
			"from": [0, 0, 14],
			"to": [16, 3, 16],
			"rotation": {"angle": 0, "axis": "x", "origin": [8, 0, 16]},
			"faces": {
				"north": {"uv": [0, 0, 16, 3], "rotation": 180, "texture": "#0"},
				"east": {"uv": [0, 0, 2.5, 2.5], "rotation": 270, "texture": "#0"},
				"south": {"uv": [0, 3, 16, 0], "texture": "#0"},
				"west": {"uv": [13.5, 0, 16, 2.5], "rotation": 90, "texture": "#0"},
				"up": {"uv": [0, 14.5, 16, 16], "rotation": 180, "texture": "#0"},
				"down": {"uv": [0, 14.5, 16, 16], "texture": "#0"}
			}
		},
		{
			"from": [0, 3, 14],
			"to": [3, 13, 16],
			"rotation": {"angle": 0, "axis": "x", "origin": [8, 0, 16]},
			"faces": {
				"north": {"uv": [16, 3, 13, 13], "rotation": 180, "texture": "#0"},
				"east": {"uv": [0, 3, 2.75, 13], "texture": "#0"},
				"south": {"uv": [16, 13, 13, 3], "texture": "#0"},
				"west": {"uv": [0, 3, 2.75, 13], "rotation": 180, "texture": "#0"}
			}
		},
		{
			"from": [13, 3, 14],
			"to": [16, 13, 16],
			"rotation": {"angle": 0, "axis": "x", "origin": [8, 0, 16]},
			"faces": {
				"north": {"uv": [3, 3, 0, 13], "rotation": 180, "texture": "#0"},
				"east": {"uv": [0, 3, 2.5, 13], "texture": "#0"},
				"south": {"uv": [3, 13, 0, 3], "texture": "#0"},
				"west": {"uv": [0, 3, 2.5, 13], "rotation": 180, "texture": "#0"},
				"up": {"uv": [0, 0, 0.5, 0.25], "rotation": 180, "texture": "#missing"},
				"down": {"uv": [0, 0, 0.5, 0.25], "texture": "#missing"}
			}
		},
		{
			"from": [5, 12, 14],
			"to": [11, 13, 16],
			"rotation": {"angle": 0, "axis": "x", "origin": [8, 0, 16]},
			"faces": {
				"north": {"uv": [5, 12, 11, 13], "rotation": 180, "texture": "#0"},
				"east": {"uv": [5, 1, 11, 2], "rotation": 270, "texture": "#0"},
				"south": {"uv": [11, 13, 5, 12], "texture": "#0"},
				"west": {"uv": [5, 1, 11, 2], "rotation": 90, "texture": "#0"},
				"down": {"uv": [5, 1, 11, 2], "texture": "#0"}
			}
		},
		{
			"name": "window",
			"from": [3, 3, 14.5],
			"to": [13, 12, 15.5],
			"rotation": {"angle": 0, "axis": "x", "origin": [8, 0, 16]},
			"faces": {
				"north": {"uv": [3, 3, 13, 12], "rotation": 180, "texture": "#0"},
				"south": {"uv": [3, 3, 13, 12], "rotation": 180, "texture": "#0"}
			}
		},
		{
			"name": "window",
			"from": [3, 12, 14.5],
			"to": [5, 13, 15.5],
			"rotation": {"angle": 0, "axis": "x", "origin": [8, 0, 16]},
			"faces": {
				"north": {"uv": [11, 12, 13, 13], "rotation": 180, "texture": "#0"},
				"south": {"uv": [13, 13, 11, 12], "texture": "#0"}
			}
		},
		{
			"name": "window",
			"from": [11, 12, 14.5],
			"to": [13, 13, 15.5],
			"rotation": {"angle": 0, "axis": "x", "origin": [8, 0, 16]},
			"faces": {
				"north": {"uv": [3, 12, 5, 13], "rotation": 180, "texture": "#0"},
				"south": {"uv": [5, 13, 3, 12], "texture": "#0"}
			}
		}
	],
	"display": {
		"thirdperson_righthand": {
			"rotation": [69, 45, 1],
			"translation": [0, 3.25, 2.25],
			"scale": [0.5, 0.5, 0.5]
		},
		"thirdperson_lefthand": {
			"rotation": [69, 45, 1],
			"translation": [0, 3.25, 2.25],
			"scale": [0.5, 0.5, 0.5]
		},
		"firstperson_righthand": {
			"rotation": [53.75, 0, 0]
		},
		"firstperson_lefthand": {
			"rotation": [53.75, 0, 0]
		},
		"ground": {
			"translation": [0, 2, 0],
			"scale": [0.25, 0.25, 0.25]
		},
		"gui": {
			"rotation": [45, 45, 0],
			"scale": [0.5, 0.5, -0.5]
		},
		"head": {
			"translation": [0, 15, 0]
		},
		"fixed": {
			"rotation": [-90, 0, 0],
			"translation": [0, 0, -7],
			"scale": [0.9, 0.9, 0.9]
		}
	},
	"groups": [
		{
			"name": "group",
			"origin": [0, 0, 0],
			"color": 0,
			"children": [0, 1, 2, 3, 4]
		},
		{
			"name": "group",
			"origin": [0, 0, 0],
			"color": 0,
			"children": [5, 6, 7]
		}
	]
}