{
	"credit": "Made with Blockbench",
	"parent": "block/block",
	"textures": {
		"2": "block/bookshelf",
		"particle": "block/break/bookshelf"
	},
	"elements": [
		{
			"name": "Book",
			"from": [12, 8.5, 2.5],
			"to": [12.5, 13.5, 3],
			"rotation": {"angle": 0, "axis": "y", "origin": [13.59933, 11.5, -0.32079]},
			"faces": {
				"east": {"uv": [3.25, 5.125, 3.125, 6.375], "texture": "#2", "cullface": "north"},
				"south": {"uv": [3.25, 5.125, 3.375, 6.375], "texture": "#2", "cullface": "north"},
				"west": {"uv": [3.125, 5.125, 3.25, 6.375], "texture": "#2", "cullface": "north"},
				"up": {"uv": [2, 4.25, 1.875, 4.375], "rotation": 180, "texture": "#2", "cullface": "north"},
				"down": {"uv": [2, 4.375, 1.875, 4.25], "rotation": 180, "texture": "#2", "cullface": "north"}
			}
		},
		{
			"name": "Book",
			"from": [10.5, 8.5, -0.5],
			"to": [12.5, 13.5, 2.5],
			"rotation": {"angle": 0, "axis": "y", "origin": [13.59933, 11.5, -0.32079]},
			"faces": {
				"north": {"uv": [1.875, 5.125, 2.375, 6.375], "texture": "#2", "cullface": "north"},
				"east": {"uv": [3.125, 5.125, 2.375, 6.375], "texture": "#2", "cullface": "north"},
				"south": {"uv": [3.25, 5.125, 3.75, 6.375], "texture": "#2", "cullface": "north"},
				"west": {"uv": [2.375, 5.125, 3.125, 6.375], "texture": "#2", "cullface": "north"},
				"up": {"uv": [2.375, 4.375, 1.875, 5.125], "rotation": 180, "texture": "#2", "cullface": "north"},
				"down": {"uv": [2.375, 5.125, 1.875, 4.375], "rotation": 180, "texture": "#2", "cullface": "north"}
			}
		},
		{
			"name": "Book",
			"from": [10.5, 8.5, 2.5],
			"to": [11, 13.5, 3],
			"rotation": {"angle": 0, "axis": "y", "origin": [13.59933, 11.5, -0.32079]},
			"faces": {
				"east": {"uv": [3.25, 5.125, 3.125, 6.375], "texture": "#2", "cullface": "north"},
				"south": {"uv": [3.625, 5.125, 3.75, 6.375], "texture": "#2", "cullface": "north"},
				"west": {"uv": [3.125, 5.125, 3.25, 6.375], "texture": "#2", "cullface": "north"},
				"up": {"uv": [2.375, 4.25, 2.25, 4.375], "rotation": 180, "texture": "#2", "cullface": "north"},
				"down": {"uv": [2.375, 4.375, 2.25, 4.25], "rotation": 180, "texture": "#2", "cullface": "north"}
			}
		},
		{
			"name": "Book",
			"from": [8.5, 8.5, 3],
			"to": [9, 13.5, 3.5],
			"rotation": {"angle": 0, "axis": "y", "origin": [13.59933, 11.5, -0.32079]},
			"faces": {
				"east": {"uv": [1.375, 3, 1.25, 4.25], "texture": "#2", "cullface": "north"},
				"south": {"uv": [1.75, 3, 1.875, 4.25], "texture": "#2", "cullface": "north"},
				"west": {"uv": [1.25, 3, 1.375, 4.25], "texture": "#2", "cullface": "north"},
				"up": {"uv": [0.5, 2.125, 0.375, 2.25], "rotation": 180, "texture": "#2", "cullface": "north"},
				"down": {"uv": [0.5, 2.25, 0.375, 2.125], "rotation": 180, "texture": "#2", "cullface": "north"}
			}
		},
		{
			"name": "Book",
			"from": [8.5, 8.5, 0],
			"to": [10.5, 13.5, 3],
			"rotation": {"angle": 0, "axis": "y", "origin": [13.59933, 11.5, -0.32079]},
			"faces": {
				"north": {"uv": [0, 3, 0.5, 4.25], "texture": "#2", "cullface": "north"},
				"east": {"uv": [1.25, 3, 0.5, 4.25], "texture": "#2", "cullface": "north"},
				"south": {"uv": [1.375, 3, 1.875, 4.25], "texture": "#2", "cullface": "north"},
				"west": {"uv": [0.5, 3, 1.25, 4.25], "texture": "#2", "cullface": "north"},
				"up": {"uv": [0.5, 2.25, 0, 3], "rotation": 180, "texture": "#2", "cullface": "north"},
				"down": {"uv": [0.5, 3, 0, 2.25], "rotation": 180, "texture": "#2", "cullface": "north"}
			}
		},
		{
			"name": "Book",
			"from": [10, 8.5, 3],
			"to": [10.5, 13.5, 3.5],
			"rotation": {"angle": 0, "axis": "y", "origin": [13.59933, 11.5, -0.32079]},
			"faces": {
				"east": {"uv": [1.375, 3, 1.25, 4.25], "texture": "#2", "cullface": "north"},
				"south": {"uv": [1.375, 3, 1.5, 4.25], "texture": "#2", "cullface": "north"},
				"west": {"uv": [1.25, 3, 1.375, 4.25], "texture": "#2", "cullface": "north"},
				"up": {"uv": [0.125, 2.125, 0, 2.25], "rotation": 180, "texture": "#2", "cullface": "north"},
				"down": {"uv": [0.125, 2.25, 0, 2.125], "rotation": 180, "texture": "#2", "cullface": "north"}
			}
		},
		{
			"name": "Book",
			"from": [6.5, 8.5, 3.5],
			"to": [7, 13.5, 4],
			"rotation": {"angle": 0, "axis": "y", "origin": [13.59933, 11.5, -0.32079]},
			"faces": {
				"east": {"uv": [1.375, 3, 1.25, 4.25], "texture": "#2", "cullface": "north"},
				"south": {"uv": [1.75, 3, 1.875, 4.25], "texture": "#2", "cullface": "north"},
				"west": {"uv": [1.25, 3, 1.375, 4.25], "texture": "#2", "cullface": "north"},
				"up": {"uv": [0.5, 2.125, 0.375, 2.25], "rotation": 180, "texture": "#2", "cullface": "north"},
				"down": {"uv": [0.5, 2.25, 0.375, 2.125], "rotation": 180, "texture": "#2", "cullface": "north"}
			}
		},
		{
			"name": "Book",
			"from": [6.5, 8.5, 0.5],
			"to": [8.5, 13.5, 3.5],
			"rotation": {"angle": 0, "axis": "y", "origin": [13.59933, 11.5, -0.32079]},
			"faces": {
				"north": {"uv": [0, 3, 0.5, 4.25], "texture": "#2", "cullface": "north"},
				"east": {"uv": [1.25, 3, 0.5, 4.25], "texture": "#2", "cullface": "north"},
				"south": {"uv": [1.375, 3, 1.875, 4.25], "texture": "#2", "cullface": "north"},
				"west": {"uv": [0.5, 3, 1.25, 4.25], "texture": "#2", "cullface": "north"},
				"up": {"uv": [0.5, 2.25, 0, 3], "rotation": 180, "texture": "#2", "cullface": "north"},
				"down": {"uv": [0.5, 3, 0, 2.25], "rotation": 180, "texture": "#2", "cullface": "north"}
			}
		},
		{
			"name": "Book",
			"from": [8, 8.5, 3.5],
			"to": [8.5, 13.5, 4],
			"rotation": {"angle": 0, "axis": "y", "origin": [13.59933, 11.5, -0.32079]},
			"faces": {
				"east": {"uv": [1.375, 3, 1.25, 4.25], "texture": "#2", "cullface": "north"},
				"south": {"uv": [1.375, 3, 1.5, 4.25], "texture": "#2", "cullface": "north"},
				"west": {"uv": [1.25, 3, 1.375, 4.25], "texture": "#2", "cullface": "north"},
				"up": {"uv": [0.125, 2.125, 0, 2.25], "rotation": 180, "texture": "#2", "cullface": "north"},
				"down": {"uv": [0.125, 2.25, 0, 2.125], "rotation": 180, "texture": "#2", "cullface": "north"}
			}
		},
		{
			"name": "Book",
			"from": [4, 8.5, 3],
			"to": [4.5, 13.5, 3.5],
			"rotation": {"angle": 0, "axis": "y", "origin": [13.59933, 11.5, -0.32079]},
			"faces": {
				"east": {"uv": [1.375, 3, 1.25, 4.25], "texture": "#2", "cullface": "north"},
				"south": {"uv": [1.75, 3, 1.875, 4.25], "texture": "#2", "cullface": "north"},
				"west": {"uv": [1.25, 3, 1.375, 4.25], "texture": "#2", "cullface": "north"},
				"up": {"uv": [0.5, 2.125, 0.375, 2.25], "rotation": 180, "texture": "#2", "cullface": "north"},
				"down": {"uv": [0.5, 2.25, 0.375, 2.125], "rotation": 180, "texture": "#2", "cullface": "north"}
			}
		},
		{
			"name": "Book",
			"from": [5.5, 8.5, 3],
			"to": [6, 13.5, 3.5],
			"rotation": {"angle": 0, "axis": "y", "origin": [13.59933, 11.5, -0.32079]},
			"faces": {
				"east": {"uv": [1.375, 3, 1.25, 4.25], "texture": "#2", "cullface": "north"},
				"south": {"uv": [1.375, 3, 1.5, 4.25], "texture": "#2", "cullface": "north"},
				"west": {"uv": [1.25, 3, 1.375, 4.25], "texture": "#2", "cullface": "north"},
				"up": {"uv": [0.125, 2.125, 0, 2.25], "rotation": 180, "texture": "#2", "cullface": "north"},
				"down": {"uv": [0.125, 2.25, 0, 2.125], "rotation": 180, "texture": "#2", "cullface": "north"}
			}
		},
		{
			"name": "Book",
			"from": [4, 8.5, 0],
			"to": [6, 13.5, 3],
			"rotation": {"angle": 0, "axis": "y", "origin": [13.59933, 11.5, -0.32079]},
			"faces": {
				"north": {"uv": [0, 3, 0.5, 4.25], "texture": "#2", "cullface": "north"},
				"east": {"uv": [1.25, 3, 0.5, 4.25], "texture": "#2", "cullface": "north"},
				"south": {"uv": [1.375, 3, 1.875, 4.25], "texture": "#2", "cullface": "north"},
				"west": {"uv": [0.5, 3, 1.25, 4.25], "texture": "#2", "cullface": "north"},
				"up": {"uv": [0.5, 2.25, 0, 3], "rotation": 180, "texture": "#2", "cullface": "north"},
				"down": {"uv": [0.5, 3, 0, 2.25], "rotation": 180, "texture": "#2", "cullface": "north"}
			}
		},
		{
			"name": "Book",
			"from": [3.5, 1.5, 2.5],
			"to": [4, 6.5, 3],
			"rotation": {"angle": 0, "axis": "y", "origin": [13.59933, 11.5, -0.32079]},
			"faces": {
				"east": {"uv": [1.375, 0.875, 1.25, 2.125], "texture": "#2", "cullface": "north"},
				"south": {"uv": [1.75, 0.875, 1.875, 2.125], "texture": "#2", "cullface": "north"},
				"west": {"uv": [1.25, 0.875, 1.375, 2.125], "texture": "#2", "cullface": "north"},
				"up": {"uv": [0.5, 0, 0.375, 0.125], "rotation": 180, "texture": "#2", "cullface": "north"},
				"down": {"uv": [0.5, 0.125, 0.375, 0], "rotation": 180, "texture": "#2", "cullface": "north"}
			}
		},
		{
			"name": "Book",
			"from": [5, 1.5, 2.5],
			"to": [5.5, 6.5, 3],
			"rotation": {"angle": 0, "axis": "y", "origin": [13.59933, 11.5, -0.32079]},
			"faces": {
				"east": {"uv": [1.375, 0.875, 1.25, 2.125], "texture": "#2", "cullface": "north"},
				"south": {"uv": [1.375, 0.875, 1.5, 2.125], "texture": "#2", "cullface": "north"},
				"west": {"uv": [1.25, 0.875, 1.375, 2.125], "texture": "#2", "cullface": "north"},
				"up": {"uv": [0.125, 0, 0, 0.125], "rotation": 180, "texture": "#2", "cullface": "north"},
				"down": {"uv": [0.125, 0.125, 0, 0], "rotation": 180, "texture": "#2", "cullface": "north"}
			}
		},
		{
			"name": "Book",
			"from": [3.5, 1.5, -0.5],
			"to": [5.5, 6.5, 2.5],
			"rotation": {"angle": 0, "axis": "y", "origin": [13.59933, 11.5, -0.32079]},
			"faces": {
				"north": {"uv": [0, 0.875, 0.5, 2.125], "texture": "#2", "cullface": "north"},
				"east": {"uv": [1.25, 0.875, 0.5, 2.125], "texture": "#2", "cullface": "north"},
				"south": {"uv": [1.375, 0.875, 1.875, 2.125], "texture": "#2", "cullface": "north"},
				"west": {"uv": [0.5, 0.875, 1.25, 2.125], "texture": "#2", "cullface": "north"},
				"up": {"uv": [0.5, 0.125, 0, 0.875], "rotation": 180, "texture": "#2", "cullface": "north"},
				"down": {"uv": [0.5, 0.875, 0, 0.125], "rotation": 180, "texture": "#2", "cullface": "north"}
			}
		},
		{
			"name": "Book",
			"from": [5.5, 1.5, 0],
			"to": [7.5, 6.5, 3],
			"rotation": {"angle": 0, "axis": "y", "origin": [13.59933, 11.5, -0.32079]},
			"faces": {
				"north": {"uv": [1.875, 0.875, 2.375, 2.125], "texture": "#2", "cullface": "north"},
				"east": {"uv": [3.125, 0.875, 2.375, 2.125], "texture": "#2", "cullface": "north"},
				"south": {"uv": [3.25, 0.875, 3.75, 2.125], "texture": "#2", "cullface": "north"},
				"west": {"uv": [2.375, 0.875, 3.125, 2.125], "texture": "#2", "cullface": "north"},
				"up": {"uv": [2.375, 0.125, 1.875, 0.875], "rotation": 180, "texture": "#2", "cullface": "north"},
				"down": {"uv": [2.375, 0.875, 1.875, 0.125], "rotation": 180, "texture": "#2", "cullface": "north"}
			}
		},
		{
			"name": "Book",
			"from": [7, 1.5, 3],
			"to": [7.5, 6.5, 3.5],
			"rotation": {"angle": 0, "axis": "y", "origin": [13.59933, 11.5, -0.32079]},
			"faces": {
				"east": {"uv": [3.25, 0.875, 3.125, 2.125], "texture": "#2", "cullface": "north"},
				"south": {"uv": [3.25, 0.875, 3.375, 2.125], "texture": "#2", "cullface": "north"},
				"west": {"uv": [3.125, 0.875, 3.25, 2.125], "texture": "#2", "cullface": "north"},
				"up": {"uv": [2, 0, 1.875, 0.125], "rotation": 180, "texture": "#2", "cullface": "north"},
				"down": {"uv": [2, 0.125, 1.875, 0], "rotation": 180, "texture": "#2", "cullface": "north"}
			}
		},
		{
			"name": "Book",
			"from": [5.5, 1.5, 3],
			"to": [6, 6.5, 3.5],
			"rotation": {"angle": 0, "axis": "y", "origin": [13.59933, 11.5, -0.32079]},
			"faces": {
				"east": {"uv": [3.25, 0.875, 3.125, 2.125], "texture": "#2", "cullface": "north"},
				"south": {"uv": [3.625, 0.875, 3.75, 2.125], "texture": "#2", "cullface": "north"},
				"west": {"uv": [3.125, 0.875, 3.25, 2.125], "texture": "#2", "cullface": "north"},
				"up": {"uv": [2.375, 0, 2.25, 0.125], "rotation": 180, "texture": "#2", "cullface": "north"},
				"down": {"uv": [2.375, 0.125, 2.25, 0], "rotation": 180, "texture": "#2", "cullface": "north"}
			}
		},
		{
			"name": "Book",
			"from": [8, 1.5, 0],
			"to": [10, 6.5, 3],
			"rotation": {"angle": 0, "axis": "y", "origin": [13.59933, 11.5, -0.32079]},
			"faces": {
				"north": {"uv": [1.875, 0.875, 2.375, 2.125], "texture": "#2", "cullface": "north"},
				"east": {"uv": [3.125, 0.875, 2.375, 2.125], "texture": "#2", "cullface": "north"},
				"south": {"uv": [3.25, 0.875, 3.75, 2.125], "texture": "#2", "cullface": "north"},
				"west": {"uv": [2.375, 0.875, 3.125, 2.125], "texture": "#2", "cullface": "north"},
				"up": {"uv": [2.375, 0.125, 1.875, 0.875], "rotation": 180, "texture": "#2", "cullface": "north"},
				"down": {"uv": [2.375, 0.875, 1.875, 0.125], "rotation": 180, "texture": "#2", "cullface": "north"}
			}
		},
		{
			"name": "Book",
			"from": [9.5, 1.5, 3],
			"to": [10, 6.5, 3.5],
			"rotation": {"angle": 0, "axis": "y", "origin": [13.59933, 11.5, -0.32079]},
			"faces": {
				"east": {"uv": [3.25, 0.875, 3.125, 2.125], "texture": "#2", "cullface": "north"},
				"south": {"uv": [3.25, 0.875, 3.375, 2.125], "texture": "#2", "cullface": "north"},
				"west": {"uv": [3.125, 0.875, 3.25, 2.125], "texture": "#2", "cullface": "north"},
				"up": {"uv": [2, 0, 1.875, 0.125], "rotation": 180, "texture": "#2", "cullface": "north"},
				"down": {"uv": [2, 0.125, 1.875, 0], "rotation": 180, "texture": "#2", "cullface": "north"}
			}
		},
		{
			"name": "Book",
			"from": [8, 1.5, 3],
			"to": [8.5, 6.5, 3.5],
			"rotation": {"angle": 0, "axis": "y", "origin": [13.59933, 11.5, -0.32079]},
			"faces": {
				"east": {"uv": [3.25, 0.875, 3.125, 2.125], "texture": "#2", "cullface": "north"},
				"south": {"uv": [3.625, 0.875, 3.75, 2.125], "texture": "#2", "cullface": "north"},
				"west": {"uv": [3.125, 0.875, 3.25, 2.125], "texture": "#2", "cullface": "north"},
				"up": {"uv": [2.375, 0, 2.25, 0.125], "rotation": 180, "texture": "#2", "cullface": "north"},
				"down": {"uv": [2.375, 0.125, 2.25, 0], "rotation": 180, "texture": "#2", "cullface": "north"}
			}
		},
		{
			"name": "Book",
			"from": [10.5, 1.5, -0.5],
			"to": [12.5, 6.5, 2.5],
			"rotation": {"angle": 0, "axis": "y", "origin": [13.59933, 11.5, -0.32079]},
			"faces": {
				"north": {"uv": [1.875, 0.875, 2.375, 2.125], "texture": "#2", "cullface": "north"},
				"east": {"uv": [3.125, 0.875, 2.375, 2.125], "texture": "#2", "cullface": "north"},
				"south": {"uv": [3.25, 0.875, 3.75, 2.125], "texture": "#2", "cullface": "north"},
				"west": {"uv": [2.375, 0.875, 3.125, 2.125], "texture": "#2", "cullface": "north"},
				"up": {"uv": [2.375, 0.125, 1.875, 0.875], "rotation": 180, "texture": "#2", "cullface": "north"},
				"down": {"uv": [2.375, 0.875, 1.875, 0.125], "rotation": 180, "texture": "#2", "cullface": "north"}
			}
		},
		{
			"name": "Book",
			"from": [12, 1.5, 2.5],
			"to": [12.5, 6.5, 3],
			"rotation": {"angle": 0, "axis": "y", "origin": [13.59933, 11.5, -0.32079]},
			"faces": {
				"east": {"uv": [3.25, 0.875, 3.125, 2.125], "texture": "#2", "cullface": "north"},
				"south": {"uv": [3.25, 0.875, 3.375, 2.125], "texture": "#2", "cullface": "north"},
				"west": {"uv": [3.125, 0.875, 3.25, 2.125], "texture": "#2", "cullface": "north"},
				"up": {"uv": [2, 0, 1.875, 0.125], "rotation": 180, "texture": "#2", "cullface": "north"},
				"down": {"uv": [2, 0.125, 1.875, 0], "rotation": 180, "texture": "#2", "cullface": "north"}
			}
		},
		{
			"name": "Book",
			"from": [10.5, 1.5, 2.5],
			"to": [11, 6.5, 3],
			"rotation": {"angle": 0, "axis": "y", "origin": [13.59933, 11.5, -0.32079]},
			"faces": {
				"east": {"uv": [3.25, 0.875, 3.125, 2.125], "texture": "#2", "cullface": "north"},
				"south": {"uv": [3.625, 0.875, 3.75, 2.125], "texture": "#2", "cullface": "north"},
				"west": {"uv": [3.125, 0.875, 3.25, 2.125], "texture": "#2", "cullface": "north"},
				"up": {"uv": [2.375, 0, 2.25, 0.125], "rotation": 180, "texture": "#2", "cullface": "north"},
				"down": {"uv": [2.375, 0.125, 2.25, 0], "rotation": 180, "texture": "#2", "cullface": "north"}
			}
		}
	]
}