{
	"credit": "Made with Blockbench",
	"parent": "block/block",
	"texture_size": [128, 128],
	"textures": {
		"2": "block/bookshelf",
		"particle": "block/break/bookshelf"
	},
	"elements": [
		{
			"name": "Book",
			"from": [11, 8.5, -1.5],
			"to": [13, 13.5, 1.5],
			"rotation": {"angle": -22.5, "axis": "y", "origin": [11, 11, 2]},
			"faces": {
				"north": {"uv": [1.875, 3, 2.375, 4.25], "texture": "#2", "cullface": "north"},
				"east": {"uv": [3.125, 3, 2.375, 4.25], "texture": "#2", "cullface": "north"},
				"south": {"uv": [3.25, 3, 3.75, 4.25], "texture": "#2", "cullface": "north"},
				"west": {"uv": [2.375, 3, 3.125, 4.25], "texture": "#2", "cullface": "north"},
				"up": {"uv": [2.375, 2.25, 1.875, 3], "rotation": 180, "texture": "#2", "cullface": "north"},
				"down": {"uv": [2.375, 3, 1.875, 2.25], "rotation": 180, "texture": "#2", "cullface": "north"}
			}
		},
		{
			"name": "Book",
			"from": [11, 8.5, 1.5],
			"to": [11.5, 13.5, 2],
			"rotation": {"angle": -22.5, "axis": "y", "origin": [11, 11, 2]},
			"faces": {
				"east": {"uv": [3.25, 3, 3.125, 4.25], "texture": "#2", "cullface": "north"},
				"south": {"uv": [3.625, 3, 3.75, 4.25], "texture": "#2", "cullface": "north"},
				"west": {"uv": [3.125, 3, 3.25, 4.25], "texture": "#2", "cullface": "north"},
				"up": {"uv": [2.375, 2.125, 2.25, 2.25], "rotation": 180, "texture": "#2", "cullface": "north"},
				"down": {"uv": [2.375, 2.25, 2.25, 2.125], "rotation": 180, "texture": "#2", "cullface": "north"}
			}
		},
		{
			"name": "Book",
			"from": [12.5, 8.5, 1.5],
			"to": [13, 13.5, 2],
			"rotation": {"angle": -22.5, "axis": "y", "origin": [11, 11, 2]},
			"faces": {
				"east": {"uv": [3.125, 3, 3.25, 4.25], "texture": "#2", "cullface": "north"},
				"south": {"uv": [3.625, 3, 3.75, 4.25], "texture": "#2", "cullface": "north"},
				"west": {"uv": [3.25, 3, 3.125, 4.25], "texture": "#2", "cullface": "north"},
				"up": {"uv": [2.375, 2.125, 2.25, 2.25], "rotation": 180, "texture": "#2", "cullface": "north"},
				"down": {"uv": [2.375, 2.25, 2.25, 2.125], "rotation": 180, "texture": "#2", "cullface": "north"}
			}
		},
		{
			"name": "Book",
			"from": [9, 8.5, -1],
			"to": [11, 13.5, 2],
			"rotation": {"angle": 0, "axis": "y", "origin": [13.34933, 11.5, -0.82079]},
			"faces": {
				"north": {"uv": [1.875, 3, 2.375, 4.25], "texture": "#2", "cullface": "north"},
				"east": {"uv": [3.125, 3, 2.375, 4.25], "texture": "#2", "cullface": "north"},
				"south": {"uv": [3.25, 3, 3.75, 4.25], "texture": "#2", "cullface": "north"},
				"west": {"uv": [2.375, 3, 3.125, 4.25], "texture": "#2", "cullface": "north"},
				"up": {"uv": [2.375, 2.25, 1.875, 3], "rotation": 180, "texture": "#2", "cullface": "north"},
				"down": {"uv": [2.375, 3, 1.875, 2.25], "rotation": 180, "texture": "#2", "cullface": "north"}
			}
		},
		{
			"name": "Book",
			"from": [10.5, 8.5, 2],
			"to": [11, 13.5, 2.5],
			"rotation": {"angle": 0, "axis": "y", "origin": [13.34933, 11.5, -0.82079]},
			"faces": {
				"east": {"uv": [3.25, 3, 3.125, 4.25], "texture": "#2", "cullface": "north"},
				"south": {"uv": [3.25, 3, 3.375, 4.25], "texture": "#2", "cullface": "north"},
				"west": {"uv": [3.125, 3, 3.25, 4.25], "texture": "#2", "cullface": "north"},
				"up": {"uv": [2, 2.125, 1.875, 2.25], "rotation": 180, "texture": "#2", "cullface": "north"},
				"down": {"uv": [2, 2.25, 1.875, 2.125], "rotation": 180, "texture": "#2", "cullface": "north"}
			}
		},
		{
			"name": "Book",
			"from": [9, 8.5, 2],
			"to": [9.5, 13.5, 2.5],
			"rotation": {"angle": 0, "axis": "y", "origin": [13.34933, 11.5, -0.82079]},
			"faces": {
				"east": {"uv": [3.25, 3, 3.125, 4.25], "texture": "#2", "cullface": "north"},
				"south": {"uv": [3.625, 3, 3.75, 4.25], "texture": "#2", "cullface": "north"},
				"west": {"uv": [3.125, 3, 3.25, 4.25], "texture": "#2", "cullface": "north"},
				"up": {"uv": [2.375, 2.125, 2.25, 2.25], "rotation": 180, "texture": "#2", "cullface": "north"},
				"down": {"uv": [2.375, 2.25, 2.25, 2.125], "rotation": 180, "texture": "#2", "cullface": "north"}
			}
		},
		{
			"name": "Book",
			"from": [10.75, 1.5, -0.75],
			"to": [12.75, 6.5, 2.25],
			"rotation": {"angle": -22.5, "axis": "y", "origin": [11, 7, 2.5]},
			"faces": {
				"north": {"uv": [0, 3, 0.5, 4.25], "texture": "#2", "cullface": "north"},
				"east": {"uv": [1.25, 3, 0.5, 4.25], "texture": "#2", "cullface": "north"},
				"south": {"uv": [1.375, 3, 1.875, 4.25], "texture": "#2", "cullface": "north"},
				"west": {"uv": [0.5, 3, 1.25, 4.25], "texture": "#2", "cullface": "north"},
				"up": {"uv": [0.5, 2.25, 0, 3], "rotation": 180, "texture": "#2", "cullface": "north"},
				"down": {"uv": [0.5, 3, 0, 2.25], "rotation": 180, "texture": "#2", "cullface": "north"}
			}
		},
		{
			"name": "Book",
			"from": [10.75, 1.5, 2.25],
			"to": [11.25, 6.5, 2.75],
			"rotation": {"angle": -22.5, "axis": "y", "origin": [11, 7, 2.5]},
			"faces": {
				"east": {"uv": [1.375, 3, 1.25, 4.25], "texture": "#2", "cullface": "north"},
				"south": {"uv": [1.75, 3, 1.875, 4.25], "texture": "#2", "cullface": "north"},
				"west": {"uv": [1.25, 3, 1.375, 4.25], "texture": "#2", "cullface": "north"},
				"up": {"uv": [0.5, 2.125, 0.375, 2.25], "rotation": 180, "texture": "#2", "cullface": "north"},
				"down": {"uv": [0.5, 2.25, 0.375, 2.125], "rotation": 180, "texture": "#2", "cullface": "north"}
			}
		},
		{
			"name": "Book",
			"from": [12.25, 1.5, 2.25],
			"to": [12.75, 6.5, 2.75],
			"rotation": {"angle": -22.5, "axis": "y", "origin": [11, 7, 2.5]},
			"faces": {
				"east": {"uv": [1.375, 3, 1.25, 4.25], "texture": "#2", "cullface": "north"},
				"south": {"uv": [1.375, 3, 1.5, 4.25], "texture": "#2", "cullface": "north"},
				"west": {"uv": [1.25, 3, 1.375, 4.25], "texture": "#2", "cullface": "north"},
				"up": {"uv": [0.125, 2.125, 0, 2.25], "rotation": 180, "texture": "#2", "cullface": "north"},
				"down": {"uv": [0.125, 2.25, 0, 2.125], "rotation": 180, "texture": "#2", "cullface": "north"}
			}
		},
		{
			"name": "Book",
			"from": [8.25, 1.5, -0.75],
			"to": [10.25, 6.5, 2.25],
			"rotation": {"angle": -22.5, "axis": "y", "origin": [8.5, 7, 2.5]},
			"faces": {
				"north": {"uv": [0, 0.875, 0.5, 2.125], "texture": "#2", "cullface": "north"},
				"east": {"uv": [1.25, 0.875, 0.5, 2.125], "texture": "#2", "cullface": "north"},
				"south": {"uv": [1.375, 0.875, 1.875, 2.125], "texture": "#2", "cullface": "north"},
				"west": {"uv": [0.5, 0.875, 1.25, 2.125], "texture": "#2", "cullface": "north"},
				"up": {"uv": [0.5, 0.125, 0, 0.875], "rotation": 180, "texture": "#2", "cullface": "north"},
				"down": {"uv": [0.5, 0.875, 0, 0.125], "rotation": 180, "texture": "#2", "cullface": "north"}
			}
		},
		{
			"name": "Book",
			"from": [8.25, 1.5, 2.25],
			"to": [8.75, 6.5, 2.75],
			"rotation": {"angle": -22.5, "axis": "y", "origin": [8.5, 7, 2.5]},
			"faces": {
				"east": {"uv": [1.375, 0.875, 1.25, 2.125], "texture": "#2", "cullface": "north"},
				"south": {"uv": [1.75, 0.875, 1.875, 2.125], "texture": "#2", "cullface": "north"},
				"west": {"uv": [1.25, 0.875, 1.375, 2.125], "texture": "#2", "cullface": "north"},
				"up": {"uv": [0.5, 0, 0.375, 0.125], "rotation": 180, "texture": "#2", "cullface": "north"},
				"down": {"uv": [0.5, 0.125, 0.375, 0], "rotation": 180, "texture": "#2", "cullface": "north"}
			}
		},
		{
			"name": "Book",
			"from": [9.75, 1.5, 2.25],
			"to": [10.25, 6.5, 2.75],
			"rotation": {"angle": -22.5, "axis": "y", "origin": [8.5, 7, 2.5]},
			"faces": {
				"east": {"uv": [1.375, 0.875, 1.25, 2.125], "texture": "#2", "cullface": "north"},
				"south": {"uv": [1.375, 0.875, 1.5, 2.125], "texture": "#2", "cullface": "north"},
				"west": {"uv": [1.25, 0.875, 1.375, 2.125], "texture": "#2", "cullface": "north"},
				"up": {"uv": [0.125, 0, 0, 0.125], "rotation": 180, "texture": "#2", "cullface": "north"},
				"down": {"uv": [0.125, 0.125, 0, 0], "rotation": 180, "texture": "#2", "cullface": "north"}
			}
		},
		{
			"name": "Book",
			"from": [2.75, 1.5, -0.5],
			"to": [7.75, 3.5, 2.5],
			"rotation": {"angle": -45, "axis": "y", "origin": [5.5, 2.5, 1.375]},
			"faces": {
				"north": {"uv": [0, 3, 0.5, 4.25], "rotation": 270, "texture": "#2", "cullface": "north"},
				"east": {"uv": [0.5, 2.25, 0, 3], "rotation": 270, "texture": "#2", "cullface": "north"},
				"south": {"uv": [1.375, 3, 1.875, 4.25], "rotation": 90, "texture": "#2", "cullface": "north"},
				"west": {"uv": [0.5, 3, 0, 2.25], "rotation": 270, "texture": "#2", "cullface": "north"},
				"up": {"uv": [0.5, 3, 1.25, 4.25], "rotation": 90, "texture": "#2", "cullface": "north"},
				"down": {"uv": [1.25, 3, 0.5, 4.25], "rotation": 90, "texture": "#2", "cullface": "north"}
			}
		},
		{
			"name": "Book",
			"from": [2.75, 3, 2.5],
			"to": [7.75, 3.5, 3],
			"rotation": {"angle": -45, "axis": "y", "origin": [5.5, 2.5, 1.375]},
			"faces": {
				"east": {"uv": [0.5, 2.125, 0.375, 2.25], "rotation": 270, "texture": "#2", "cullface": "north"},
				"south": {"uv": [1.75, 3, 1.875, 4.25], "rotation": 90, "texture": "#2", "cullface": "north"},
				"west": {"uv": [0.5, 2.25, 0.375, 2.125], "rotation": 270, "texture": "#2", "cullface": "north"},
				"up": {"uv": [1.25, 3, 1.375, 4.25], "rotation": 90, "texture": "#2", "cullface": "north"},
				"down": {"uv": [1.375, 3, 1.25, 4.25], "rotation": 90, "texture": "#2", "cullface": "north"}
			}
		},
		{
			"name": "Book",
			"from": [2.75, 1.5, 2.5],
			"to": [7.75, 2, 3],
			"rotation": {"angle": -45, "axis": "y", "origin": [5.5, 2.5, 1.375]},
			"faces": {
				"east": {"uv": [0.125, 2.125, 0, 2.25], "rotation": 270, "texture": "#2", "cullface": "north"},
				"south": {"uv": [1.375, 3, 1.5, 4.25], "rotation": 90, "texture": "#2", "cullface": "north"},
				"west": {"uv": [0.125, 2.25, 0, 2.125], "rotation": 270, "texture": "#2", "cullface": "north"},
				"up": {"uv": [1.25, 3, 1.375, 4.25], "rotation": 90, "texture": "#2", "cullface": "north"},
				"down": {"uv": [1.375, 3, 1.25, 4.25], "rotation": 90, "texture": "#2", "cullface": "north"}
			}
		},
		{
			"name": "Book",
			"from": [2.61612, 3.5, 1.82322],
			"to": [7.61612, 4, 2.32322],
			"rotation": {"angle": -22.5, "axis": "y", "origin": [4.61612, 4.5, 1.19822]},
			"faces": {
				"east": {"uv": [0.125, 0, 0, 0.125], "rotation": 270, "texture": "#2", "cullface": "north"},
				"south": {"uv": [1.375, 0.875, 1.5, 2.125], "rotation": 90, "texture": "#2", "cullface": "north"},
				"west": {"uv": [0.125, 0.125, 0, 0], "rotation": 270, "texture": "#2", "cullface": "north"},
				"up": {"uv": [1.25, 0.875, 1.375, 2.125], "rotation": 90, "texture": "#2", "cullface": "north"},
				"down": {"uv": [1.375, 0.875, 1.25, 2.125], "rotation": 90, "texture": "#2", "cullface": "north"}
			}
		},
		{
			"name": "Book",
			"from": [2.61612, 5, 1.82322],
			"to": [7.61612, 5.5, 2.32322],
			"rotation": {"angle": -22.5, "axis": "y", "origin": [4.61612, 4.5, 1.19822]},
			"faces": {
				"east": {"uv": [0.5, 0, 0.375, 0.125], "rotation": 270, "texture": "#2", "cullface": "north"},
				"south": {"uv": [1.75, 0.875, 1.875, 2.125], "rotation": 90, "texture": "#2", "cullface": "north"},
				"west": {"uv": [0.5, 0.125, 0.375, 0], "rotation": 270, "texture": "#2", "cullface": "north"},
				"up": {"uv": [1.25, 0.875, 1.375, 2.125], "rotation": 90, "texture": "#2", "cullface": "north"},
				"down": {"uv": [1.375, 0.875, 1.25, 2.125], "rotation": 90, "texture": "#2", "cullface": "north"}
			}
		},
		{
			"name": "Book",
			"from": [2.61612, 3.5, -1.17678],
			"to": [7.61612, 5.5, 1.82322],
			"rotation": {"angle": -22.5, "axis": "y", "origin": [4.61612, 4.5, 1.19822]},
			"faces": {
				"north": {"uv": [0, 0.875, 0.5, 2.125], "rotation": 270, "texture": "#2", "cullface": "north"},
				"east": {"uv": [0.5, 0.125, 0, 0.875], "rotation": 270, "texture": "#2", "cullface": "north"},
				"south": {"uv": [1.375, 0.875, 1.875, 2.125], "rotation": 90, "texture": "#2", "cullface": "north"},
				"west": {"uv": [0.5, 0.875, 0, 0.125], "rotation": 270, "texture": "#2", "cullface": "north"},
				"up": {"uv": [0.5, 0.875, 1.25, 2.125], "rotation": 90, "texture": "#2", "cullface": "north"},
				"down": {"uv": [1.25, 0.875, 0.5, 2.125], "rotation": 90, "texture": "#2", "cullface": "north"}
			}
		},
		{
			"name": "Book",
			"from": [7, 8.5, -0.5],
			"to": [9, 13.5, 2.5],
			"rotation": {"angle": 0, "axis": "y", "origin": [13.84933, 11.5, -0.32079]},
			"faces": {
				"north": {"uv": [0, 5.125, 0.5, 6.375], "texture": "#2", "cullface": "north"},
				"east": {"uv": [1.25, 5.125, 0.5, 6.375], "texture": "#2", "cullface": "north"},
				"south": {"uv": [1.375, 5.125, 1.875, 6.375], "texture": "#2", "cullface": "north"},
				"west": {"uv": [0.5, 5.125, 1.25, 6.375], "texture": "#2", "cullface": "north"},
				"up": {"uv": [0.5, 4.375, 0, 5.125], "rotation": 180, "texture": "#2", "cullface": "north"},
				"down": {"uv": [0.5, 5.125, 0, 4.375], "rotation": 180, "texture": "#2", "cullface": "north"}
			}
		},
		{
			"name": "Book",
			"from": [7, 8.5, 2.5],
			"to": [7.5, 13.5, 3],
			"rotation": {"angle": 0, "axis": "y", "origin": [13.84933, 11.5, -0.32079]},
			"faces": {
				"east": {"uv": [1.375, 5.125, 1.25, 6.375], "texture": "#2", "cullface": "north"},
				"south": {"uv": [1.75, 5.125, 1.875, 6.375], "texture": "#2", "cullface": "north"},
				"west": {"uv": [1.25, 5.125, 1.375, 6.375], "texture": "#2", "cullface": "north"},
				"up": {"uv": [0.5, 4.25, 0.375, 4.375], "rotation": 180, "texture": "#2", "cullface": "north"},
				"down": {"uv": [0.5, 4.375, 0.375, 4.25], "rotation": 180, "texture": "#2", "cullface": "north"}
			}
		},
		{
			"name": "Book",
			"from": [8.5, 8.5, 2.5],
			"to": [9, 13.5, 3],
			"rotation": {"angle": 0, "axis": "y", "origin": [13.84933, 11.5, -0.32079]},
			"faces": {
				"east": {"uv": [1.375, 5.125, 1.25, 6.375], "texture": "#2", "cullface": "north"},
				"south": {"uv": [1.375, 5.125, 1.5, 6.375], "texture": "#2", "cullface": "north"},
				"west": {"uv": [1.25, 5.125, 1.375, 6.375], "texture": "#2", "cullface": "north"},
				"up": {"uv": [0.125, 4.25, 0, 4.375], "rotation": 180, "texture": "#2", "cullface": "north"},
				"down": {"uv": [0.125, 4.375, 0, 4.25], "rotation": 180, "texture": "#2", "cullface": "north"}
			}
		},
		{
			"name": "Book",
			"from": [5, 8.5, 0],
			"to": [7, 13.5, 3],
			"rotation": {"angle": 0, "axis": "y", "origin": [13.84933, 11.5, -0.32079]},
			"faces": {
				"north": {"uv": [0, 5.125, 0.5, 6.375], "texture": "#2", "cullface": "north"},
				"east": {"uv": [1.25, 5.125, 0.5, 6.375], "texture": "#2", "cullface": "north"},
				"south": {"uv": [1.375, 5.125, 1.875, 6.375], "texture": "#2", "cullface": "north"},
				"west": {"uv": [0.5, 5.125, 1.25, 6.375], "texture": "#2", "cullface": "north"},
				"up": {"uv": [0.5, 4.375, 0, 5.125], "rotation": 180, "texture": "#2", "cullface": "north"},
				"down": {"uv": [0.5, 5.125, 0, 4.375], "rotation": 180, "texture": "#2", "cullface": "north"}
			}
		},
		{
			"name": "Book",
			"from": [5, 8.5, 3],
			"to": [5.5, 13.5, 3.5],
			"rotation": {"angle": 0, "axis": "y", "origin": [13.84933, 11.5, -0.32079]},
			"faces": {
				"east": {"uv": [1.375, 5.125, 1.25, 6.375], "texture": "#2", "cullface": "north"},
				"south": {"uv": [1.75, 5.125, 1.875, 6.375], "texture": "#2", "cullface": "north"},
				"west": {"uv": [1.25, 5.125, 1.375, 6.375], "texture": "#2", "cullface": "north"},
				"up": {"uv": [0.5, 4.25, 0.375, 4.375], "rotation": 180, "texture": "#2", "cullface": "north"},
				"down": {"uv": [0.5, 4.375, 0.375, 4.25], "rotation": 180, "texture": "#2", "cullface": "north"}
			}
		},
		{
			"name": "Book",
			"from": [6.5, 8.5, 3],
			"to": [7, 13.5, 3.5],
			"rotation": {"angle": 0, "axis": "y", "origin": [13.84933, 11.5, -0.32079]},
			"faces": {
				"east": {"uv": [1.375, 5.125, 1.25, 6.375], "texture": "#2", "cullface": "north"},
				"south": {"uv": [1.375, 5.125, 1.5, 6.375], "texture": "#2", "cullface": "north"},
				"west": {"uv": [1.25, 5.125, 1.375, 6.375], "texture": "#2", "cullface": "north"},
				"up": {"uv": [0.125, 4.25, 0, 4.375], "rotation": 180, "texture": "#2", "cullface": "north"},
				"down": {"uv": [0.125, 4.375, 0, 4.25], "rotation": 180, "texture": "#2", "cullface": "north"}
			}
		},
		{
			"name": "Book",
			"from": [3, 8.5, -1],
			"to": [5, 13.5, 2],
			"rotation": {"angle": 0, "axis": "y", "origin": [13.84933, 11.5, -0.32079]},
			"faces": {
				"north": {"uv": [0, 5.125, 0.5, 6.375], "texture": "#2", "cullface": "north"},
				"east": {"uv": [1.25, 5.125, 0.5, 6.375], "texture": "#2", "cullface": "north"},
				"south": {"uv": [1.375, 5.125, 1.875, 6.375], "texture": "#2", "cullface": "north"},
				"west": {"uv": [0.5, 5.125, 1.25, 6.375], "texture": "#2", "cullface": "north"},
				"up": {"uv": [0.5, 4.375, 0, 5.125], "rotation": 180, "texture": "#2", "cullface": "north"},
				"down": {"uv": [0.5, 5.125, 0, 4.375], "rotation": 180, "texture": "#2", "cullface": "north"}
			}
		},
		{
			"name": "Book",
			"from": [4.5, 8.5, 2],
			"to": [5, 13.5, 2.5],
			"rotation": {"angle": 0, "axis": "y", "origin": [13.84933, 11.5, -0.32079]},
			"faces": {
				"east": {"uv": [1.375, 5.125, 1.25, 6.375], "texture": "#2", "cullface": "north"},
				"south": {"uv": [1.375, 5.125, 1.5, 6.375], "texture": "#2", "cullface": "north"},
				"west": {"uv": [1.25, 5.125, 1.375, 6.375], "texture": "#2", "cullface": "north"},
				"up": {"uv": [0.125, 4.25, 0, 4.375], "rotation": 180, "texture": "#2", "cullface": "north"},
				"down": {"uv": [0.125, 4.375, 0, 4.25], "rotation": 180, "texture": "#2", "cullface": "north"}
			}
		},
		{
			"name": "Book",
			"from": [3, 8.5, 2],
			"to": [3.5, 13.5, 2.5],
			"rotation": {"angle": 0, "axis": "y", "origin": [13.84933, 11.5, -0.32079]},
			"faces": {
				"east": {"uv": [1.375, 5.125, 1.25, 6.375], "texture": "#2", "cullface": "north"},
				"south": {"uv": [1.75, 5.125, 1.875, 6.375], "texture": "#2", "cullface": "north"},
				"west": {"uv": [1.25, 5.125, 1.375, 6.375], "texture": "#2", "cullface": "north"},
				"up": {"uv": [0.5, 4.25, 0.375, 4.375], "rotation": 180, "texture": "#2", "cullface": "north"},
				"down": {"uv": [0.5, 4.375, 0.375, 4.25], "rotation": 180, "texture": "#2", "cullface": "north"}
			}
		}
	]
}