{
	"credit": "Made with Blockbench",
	"parent": "block/block",
	"textures": {
		"2": "block/bookshelf",
		"particle": "block/break/bookshelf"
	},
	"elements": [
		{
			"name": "Top",
			"from": [0, 14.5, 0],
			"to": [16, 16, 16],
			"rotation": {"angle": 0, "axis": "y", "origin": [8, 15.25, 8]},
			"faces": {
				"north": {"uv": [7.625, 0, 11.625, 0.375], "texture": "#2"},
				"east": {"uv": [7.625, 0, 11.625, 0.375], "texture": "#2"},
				"south": {"uv": [7.625, 0, 11.625, 0.375], "texture": "#2"},
				"west": {"uv": [7.625, 0, 11.625, 0.375], "texture": "#2"},
				"up": {"uv": [7.625, 4.125, 11.625, 8.125], "texture": "#2"},
				"down": {"uv": [11.75, 0, 15.75, 4], "rotation": 180, "texture": "#2"}
			}
		},
		{
			"name": "Middle",
			"from": [0, 7.5, 0],
			"to": [16, 8.5, 16],
			"faces": {
				"north": {"uv": [7.625, 1.875, 11.625, 2.125], "texture": "#2"},
				"east": {"uv": [7.625, 1.875, 11.625, 2.125], "texture": "#2"},
				"south": {"uv": [7.625, 1.875, 11.625, 2.125], "texture": "#2"},
				"west": {"uv": [7.625, 1.875, 11.625, 2.125], "texture": "#2"},
				"up": {"uv": [11.75, 0, 15.75, 4], "rotation": 180, "texture": "#2"},
				"down": {"uv": [11.75, 0, 15.75, 4], "rotation": 180, "texture": "#2"}
			}
		},
		{
			"name": "Bottom",
			"from": [0, 0, 0],
			"to": [16, 1.5, 16],
			"rotation": {"angle": 0, "axis": "y", "origin": [8, 0.75, 8]},
			"faces": {
				"north": {"uv": [7.625, 3.625, 11.625, 4], "texture": "#2"},
				"east": {"uv": [7.625, 3.625, 11.625, 4], "texture": "#2"},
				"south": {"uv": [7.625, 3.625, 11.625, 4], "texture": "#2"},
				"west": {"uv": [7.625, 3.625, 11.625, 4], "texture": "#2"},
				"up": {"uv": [11.75, 0, 15.75, 4], "rotation": 180, "texture": "#2"},
				"down": {"uv": [7.625, 4.125, 11.625, 8.125], "rotation": 180, "texture": "#2"}
			}
		},
		{
			"name": "CenterPillar",
			"from": [0, 8.5, 15],
			"to": [1, 14.5, 16],
			"rotation": {"angle": 0, "axis": "y", "origin": [8, 8.25, 8]},
			"faces": {
				"north": {"uv": [15.25, 4.125, 15.5, 5.625], "texture": "#2"},
				"east": {"uv": [12, 4.125, 12.25, 5.625], "texture": "#2"},
				"south": {"uv": [11.75, 4.125, 12, 5.625], "texture": "#2"},
				"west": {"uv": [15.5, 4.125, 15.75, 5.625], "texture": "#2"}
			}
		},
		{
			"name": "CenterPillar",
			"from": [0, 8.5, 0],
			"to": [1, 14.5, 1],
			"rotation": {"angle": 0, "axis": "y", "origin": [8, 8.25, 8]},
			"faces": {
				"north": {"uv": [15.5, 4.125, 15.75, 5.625], "texture": "#2"},
				"east": {"uv": [15.25, 4.125, 15.5, 5.625], "texture": "#2"},
				"south": {"uv": [12, 4.125, 12.25, 5.625], "texture": "#2"},
				"west": {"uv": [11.75, 4.125, 12, 5.625], "texture": "#2"}
			}
		},
		{
			"name": "CenterPillar",
			"from": [15, 8.5, 0],
			"to": [16, 14.5, 1],
			"rotation": {"angle": 0, "axis": "y", "origin": [8, 8.25, 8]},
			"faces": {
				"north": {"uv": [11.75, 4.125, 12, 5.625], "texture": "#2"},
				"east": {"uv": [15.5, 4.125, 15.75, 5.625], "texture": "#2"},
				"south": {"uv": [15.25, 4.125, 15.5, 5.625], "texture": "#2"},
				"west": {"uv": [12, 4.125, 12.25, 5.625], "texture": "#2"}
			}
		},
		{
			"name": "CenterPillar",
			"from": [15, 8.5, 15],
			"to": [16, 14.5, 16],
			"rotation": {"angle": 0, "axis": "y", "origin": [8, 8.25, 8]},
			"faces": {
				"north": {"uv": [12, 4.125, 12.25, 5.625], "texture": "#2"},
				"east": {"uv": [11.75, 4.125, 12, 5.625], "texture": "#2"},
				"south": {"uv": [15.5, 4.125, 15.75, 5.625], "texture": "#2"},
				"west": {"uv": [15.25, 4.125, 15.5, 5.625], "texture": "#2"}
			}
		},
		{
			"name": "CenterPillar",
			"from": [0, 1.5, 15],
			"to": [1, 7.5, 16],
			"rotation": {"angle": 0, "axis": "y", "origin": [8, 8.25, 8]},
			"faces": {
				"north": {"uv": [15.25, 5.875, 15.5, 7.375], "texture": "#2"},
				"east": {"uv": [12, 5.875, 12.25, 7.375], "texture": "#2"},
				"south": {"uv": [11.75, 5.875, 12, 7.375], "texture": "#2"},
				"west": {"uv": [15.5, 5.875, 15.75, 7.375], "texture": "#2"}
			}
		},
		{
			"name": "CenterPillar",
			"from": [15, 1.5, 15],
			"to": [16, 7.5, 16],
			"rotation": {"angle": 0, "axis": "y", "origin": [8, 8.25, 8]},
			"faces": {
				"north": {"uv": [12, 5.875, 12.25, 7.375], "texture": "#2"},
				"east": {"uv": [11.75, 5.875, 12, 7.375], "texture": "#2"},
				"south": {"uv": [15.5, 5.875, 15.75, 7.375], "texture": "#2"},
				"west": {"uv": [15.25, 5.875, 15.5, 7.375], "texture": "#2"}
			}
		},
		{
			"name": "CenterPillar",
			"from": [15, 1.5, 0],
			"to": [16, 7.5, 1],
			"rotation": {"angle": 0, "axis": "y", "origin": [8, 8.25, 8]},
			"faces": {
				"north": {"uv": [11.75, 5.875, 12, 7.375], "texture": "#2"},
				"east": {"uv": [15.5, 5.875, 15.75, 7.375], "texture": "#2"},
				"south": {"uv": [15.25, 5.875, 15.5, 7.375], "texture": "#2"},
				"west": {"uv": [12, 5.875, 12.25, 7.375], "texture": "#2"}
			}
		},
		{
			"name": "CenterPillar",
			"from": [0, 1.5, 0],
			"to": [1, 7.5, 1],
			"rotation": {"angle": 0, "axis": "y", "origin": [8, 8.25, 8]},
			"faces": {
				"north": {"uv": [15.5, 5.875, 15.75, 7.375], "texture": "#2"},
				"east": {"uv": [15.25, 5.875, 15.5, 7.375], "texture": "#2"},
				"south": {"uv": [12, 5.875, 12.25, 7.375], "texture": "#2"},
				"west": {"uv": [11.75, 5.875, 12, 7.375], "texture": "#2"}
			}
		},
		{
			"name": "CenterPillar",
			"from": [4, 1.5, 4],
			"to": [12, 14.5, 12],
			"rotation": {"angle": 0, "axis": "y", "origin": [8, 8.25, 8]},
			"faces": {
				"north": {"uv": [10.625, 0.375, 8.625, 3.625], "texture": "#2"},
				"east": {"uv": [10.625, 0.375, 8.625, 3.625], "texture": "#2"},
				"south": {"uv": [10.625, 0.375, 8.625, 3.625], "texture": "#2"},
				"west": {"uv": [10.625, 0.375, 8.625, 3.625], "texture": "#2"}
			}
		},
		{
			"name": "Pillar",
			"from": [1, 1.5, 1],
			"to": [6, 14.5, 1],
			"rotation": {"angle": -45, "axis": "y", "origin": [1, 5, 1]},
			"faces": {
				"north": {"uv": [9, 0.375, 7.75, 3.625], "texture": "#2"},
				"south": {"uv": [11.5, 0.375, 10.25, 3.625], "texture": "#2"}
			}
		},
		{
			"name": "Pillar",
			"from": [8, 1.5, -1.89949],
			"to": [8, 14.5, 3.10051],
			"rotation": {"angle": -45, "axis": "y", "origin": [8, 0, 8]},
			"faces": {
				"east": {"uv": [9, 0.375, 7.75, 3.625], "texture": "#2"},
				"west": {"uv": [11.5, 0.375, 10.25, 3.625], "texture": "#2"}
			}
		},
		{
			"name": "Pillar",
			"from": [12.89949, 1.5, 8],
			"to": [17.89949, 14.5, 8],
			"rotation": {"angle": -45, "axis": "y", "origin": [8, 0, 8]},
			"faces": {
				"north": {"uv": [11.5, 0.375, 10.25, 3.625], "texture": "#2"},
				"south": {"uv": [9, 0.375, 7.75, 3.625], "texture": "#2"}
			}
		},
		{
			"name": "Pillar",
			"from": [8, 1.5, 12.89949],
			"to": [8, 14.5, 17.89949],
			"rotation": {"angle": -45, "axis": "y", "origin": [8, 0, 8]},
			"faces": {
				"east": {"uv": [11.5, 0.375, 10.25, 3.625], "texture": "#2"},
				"west": {"uv": [9, 0.375, 7.75, 3.625], "texture": "#2"}
			}
		}
	]
}